"Time / s","Vo:Measured voltage","IL:Measured current","Vin:Measured voltage","open1","open2","open3","open4","short1","short2","short3","short4"
1.3000337981392653,399.21446934169632,-0.10525567740113333,1.9548556302941917,0,0,0,0,0,0,0,0
1.3000399999999999,399.06326658581844,-0.074004961586701098,3.9096340862292491,0,0,0,0,0,0,0,0
1.30006,398.91212041029667,-0.044078905128514138,5.8642581965226315,0,0,0,0,0,0,0,0
1.3000799999999999,398.76105729216488,0.11748826573957512,7.8186507959259508,0,0,0,0,0,0,0,0
1.3001,398.61006970856727,0.34415630996309449,9.7727347284012023,0,0,0,0,0,0,0,0
1.3001199999999999,398.45937615243764,0.43666355500202719,11.726432850025301,0,0,0,0,0,0,0,0
1.3001399999999999,398.30872605262874,0.66072996751381785,13.679668032159354,0,0,0,0,0,0,0,0
1.30016,398.15870969839455,0.61808736239806927,15.632363164440505,0,0,0,0,0,0,0,0
1.3001799999999999,398.00862937980361,0.77339957509083046,17.584441157773156,0,0,0,0,0,0,0,0
1.3002,397.8586230032077,0.99385205463441118,19.535824947495943,0,0,0,0,0,0,0,0
1.3002199999999999,397.70957050620365,0.88169538588001828,21.486437496282836,0,0,0,0,0,0,0,0
1.3002399999999998,397.56014690015581,1.099913444619862,23.436201797308062,0,0,0,0,0,0,0,0
1.30026,397.41208019628942,0.85334755456354316,25.385040877233166,0,0,0,0,0,0,0,0
1.3002799999999999,397.26295381823053,1.2018767088295204,27.332877799192964,0,0,0,0,0,0,0,0
1.3003,397.11416671533544,1.5491960986346793,29.279635665956249,0,0,0,0,0,0,0,0
1.3003199999999999,396.96770240861991,1.2337198243456005,31.225237622820597,0,0,0,0,0,0,0,0
1.3003400000000001,396.81964507245891,1.5788894194224496,33.169606860804947,0,0,0,0,0,0,0,0
1.30036,396.67439792586885,1.1956657231530874,35.112666619453144,0,0,0,0,0,0,0,0
1.3003799999999999,396.52709091288887,1.5387334459750963,37.054340190163316,0,0,0,0,0,0,0,0
1.3004,396.38043785207401,1.8145618618943837,38.994550919005079,0,0,0,0,0,0,0,0
1.3004199999999999,396.23600533123857,1.5609579648342975,40.933222209710813,0,0,0,0,0,0,0,0
1.30044,396.08956052278086,2.0327475102977091,42.870277526910144,0,0,0,0,0,0,0,0
1.3004599999999999,395.94764433050204,1.5134243899051305,44.805640398940874,0,0,0,0,0,0,0,0
1.3004799999999999,395.8019733949277,2.0489483239082475,46.739234421008199,0,0,0,0,0,0,0,0
1.3005,395.66017952645797,1.9237216228978882,48.67098325814846,0,0,0,0,0,0,0,0
1.3005199999999999,395.51745913956535,1.9953287561851134,50.600810648190297,0,0,0,0,0,0,0,0
1.30054,395.37339307774766,2.5271277850947849,52.528640404887646,0,0,0,0,0,0,0,0
1.3005599999999999,395.23556834159564,1.9377423304543271,54.454396420787816,0,0,0,0,0,0,0,0
1.3005799999999998,395.09252317016563,2.5329335567184765,56.378002670358178,0,0,0,0,0,0,0,0
1.3006,394.95667605000523,1.9418231714539351,58.299383212935105,0,0,0,0,0,0,0,0
1.3006199999999999,394.81514858307577,2.468573934823159,60.218462195669943,0,0,0,0,0,0,0,0
1.30064,394.67370486812496,3.1253518378647986,62.135163856645171,0,0,0,0,0,0,0,0
1.3006599999999999,394.54163244369607,2.3339193739363715,64.049412527726446,0,0,0,0,0,0,0,0
1.3006799999999998,394.40123632358831,3.0535762402944768,65.961132637671312,0,0,0,0,0,0,0,0
1.3007,394.27181772334035,2.194492528929552,67.87024871506047,0,0,0,0,0,0,0,0
1.3007199999999999,394.13292293015576,2.9110801492152252,69.77668539122557,0,0,0,0,0,0,0,0
1.30074,393.9951911302893,3.5601332241172376,71.680367403345485,0,0,0,0,0,0,0,0
1.3007599999999999,393.8679987032134,2.7632356939021179,73.581219597279556,0,0,0,0,0,0,0,0
1.30078,393.73102128928394,3.5402008703670842,75.479166930672321,0,0,0,0,0,0,0,0
1.3008,393.60764779161815,2.5440140592978944,77.374134475778547,0,0,0,0,0,0,0,0
1.3008199999999999,393.47182051544775,3.382929624031449,79.266047422541433,0,0,0,0,0,0,0,0
1.30084,393.34212834213491,3.6296527088174773,81.154831081494379,0,0,0,0,0,0,0,0
1.3008599999999999,393.21743137856748,3.1535946301511948,83.040410886658506,0,0,0,0,0,0,0,0
1.30088,393.08366080519477,4.0517219442539476,84.922712398605796,0,0,0,0,0,0,0,0
1.3008999999999999,392.96747295988439,2.9172419436577246,86.801661307261554,0,0,0,0,0,0,0,0
1.3009199999999999,392.83547676946978,3.810977515413994,88.677183434957186,0,0,0,0,0,0,0,0
1.30094,392.71383133014007,3.7204057099238876,90.549204739324324,0,0,0,0,0,0,0,0
1.3009599999999999,392.59174312480491,3.6277097298972665,92.417651316082669,0,0,0,0,0,0,0,0
1.30098,392.46225499949844,4.5793230273745218,94.282449402262074,0,0,0,0,0,0,0,0
1.3009999999999999,392.35349212714254,3.3703175277680177,96.143525378742751,0,0,0,0,0,0,0,0
1.3010199999999998,392.22557659802811,4.3820306363110548,98.000805773448803,0,0,0,0,0,0,0,0
1.30104,392.11469588992213,3.8223380539641005,99.85421726419753,0,0,0,0,0,0,0,0
1.3010599999999999,391.99495559205712,4.1095491121027266,101.70368668139294,0,0,0,0,0,0,0,0
1.30108,391.86963943681911,5.177538479082024,103.54914101119947,0,0,0,0,0,0,0,0
1.3010999999999999,391.770224707002,3.7611590642379173,105.39050739820672,0,0,0,0,0,0,0,0
1.3011199999999998,391.64682408737906,4.8228290566837577,107.22771314843939,0,0,0,0,0,0,0,0
1.30114,391.54611848774289,3.8581044967241325,109.06068573217681,0,0,0,0,0,0,0,0
1.3011599999999999,391.42815480496421,4.5867299144882168,110.88935278676675,0,0,0,0,0,0,0,0
1.30118,391.31350991684764,5.2464424298969634,112.71364211959818,0,0,0,0,0,0,0,0
1.3011999999999999,391.2163081169569,4.2724795761265399,114.53348171081889,0,0,0,0,0,0,0,0
1.30122,391.09844355258292,5.3811456850761292,116.34879971631085,0,0,0,0,0,0,0,0
1.30124,391.01008999923096,3.9443253086522678,118.15952447039464,0,0,0,0,0,0,0,0
1.3012599999999999,390.8942307137296,5.0449710286712985,119.96558448877391,0,0,0,0,0,0,0,0
1.30128,390.79081719820419,5.3596109103141574,121.76690847130784,0,0,0,0,0,0,0,0
1.3012999999999999,390.69735482320027,4.6933273240682798,123.56342530477741,0,0,0,0,0,0,0,0
1.30132,390.58365548463229,5.9758720761385007,125.35506406580662,0,0,0,0,0,0,0,0
1.3013399999999999,390.50755132024125,4.259966733001451,127.14175402353258,0,0,0,0,0,0,0,0
1.3013599999999999,390.39625895229943,5.5330439352550762,128.92342464251129,0,0,0,0,0,0,0,0
1.30138,390.30508874836306,5.434937244949829,130.70000558545345,0,0,0,0,0,0,0,0
1.3013999999999999,390.21404712815018,5.2019196247096664,132.47142671595333,0,0,0,0,0,0,0,0
1.30142,390.10642356251708,6.5242716161959029,134.23761810136983,0,0,0,0,0,0,0,0
1.3014399999999999,390.04074724475669,4.7210410029473246,135.99851001545937,0,0,0,0,0,0,0,0
1.3014599999999998,389.93490938489134,6.0973542787434205,137.7540329412403,0,0,0,0,0,0,0,0
1.30148,389.85826895715911,5.5185628247013527,139.50411757368923,0,0,0,0,0,0,0,0
1.3014999999999999,389.76995875052796,5.6487515450116108,141.24869482242985,0,0,0,0,0,0,0,0
1.30152,389.6726870553033,6.74711352122912,142.98769581458686,0,0,0,0,0,0,0,0
1.3015399999999999,389.61260228702616,5.1770695641681677,144.72105189730013,0,0,0,0,0,0,0,0
1.3015600000000001,389.51254144477093,6.6522500701016511,146.44869464073358,0,0,0,0,0,0,0,0
1.30158,389.45069860763527,5.6543374657363401,148.17055584043166,0,0,0,0,0,0,0,0
1.3015999999999999,389.36588470860966,6.1425013431475985,149.88656752029385,0,0,0,0,0,0,0,0
1.30162,389.28322128221333,6.8183258918954515,151.59666193513277,0,0,0,0,0,0,0,0
1.3016399999999999,389.22620863454449,5.6059264633862824,153.30077157331806,0,0,0,0,0,0,0,0
1.30166,389.13166835833437,7.1752345516556311,154.99882915955001,0,0,0,0,0,0,0,0
1.3016799999999999,389.08506639283968,5.7541799194552814,156.69076765739192,0,0,0,0,0,0,0,0
1.3016999999999999,389.00268054636746,6.5948103250491679,158.37652027202427,0,0,0,0,0,0,0,0
1.30172,388.93361877715256,6.9088849866227413,160.05602045283561,0,0,0,0,0,0,0,0
1.3017399999999999,388.87973370624485,6.1131518748040703,161.72920189600407,0,0,0,0,0,0,0,0
1.30176,388.79234111458123,7.7067029420800708,163.39599854722152,0,0,0,0,0,0,0,0
1.3017799999999999,388.76079014305475,5.9227464711583186,165.05634460418005,0,0,0,0,0,0,0,0
1.3017999999999998,388.68131369224369,7.1748352911634239,166.71017451927537,0,0,0,0,0,0,0,0
1.30182,388.62955472300462,6.9929424611321664,168.35742300214915,0,0,0,0,0,0,0,0
1.3018399999999999,388.57851284179424,6.5428853781960905,169.99802502222201,0,0,0,0,0,0,0,0
1.30186,388.49873149484046,8.1553493207175514,171.63191581136502,0,0,0,0,0,0,0,0
1.3018799999999999,388.48206734392909,6.068031919268237,173.25903086633798,0,0,0,0,0,0,0,0
1.3018999999999998,388.40506310836804,7.6606945318812238,174.87930595143933,0,0,0,0,0,0,0,0
1.30192,388.36810101670949,7.1720016567818154,176.49267710099772,0,0,0,0,0,0,0,0
1.3019399999999999,388.32164193057758,7.0612693207485782,178.09908062185343,0,0,0,0,0,0,0,0
1.30196,388.25960312002013,8.1693301212224387,179.69845309597517,0,0,0,0,0,0,0,0
1.3019799999999999,388.24603856440683,6.4198000175258212,181.29073138284727,0,0,0,0,0,0,0,0
1.302,388.17326498318039,8.2820130607301117,182.87585262207818,0,0,0,0,0,0,0,0
1.30202,388.15556085364,7.2866620344299156,184.45375423576689,0,0,0,0,0,0,0,0
1.3020399999999999,388.11122792286699,7.5732766592714507,186.02437393107385,0,0,0,0,0,0,0,0
1.30206,388.06486852303914,8.3653731632879129,187.5876497026369,0,0,0,0,0,0,0,0
1.3020799999999999,388.05755153515264,6.8820033370486122,189.14351983497707,0,0,0,0,0,0,0,0
1.3021,387.99237844914933,8.7486016658352934,190.69192290504776,0,0,0,0,0,0,0,0
1.3021199999999999,387.99018951299638,7.4344198239456114,192.23279778447713,0,0,0,0,0,0,0,0
1.3021399999999999,387.9484741289898,8.1114374799472255,193.76608364221923,0,0,0,0,0,0,0,0
1.30216,387.92121504110889,8.3873570987558974,195.29171994678742,0,0,0,0,0,0,0,0
1.3021799999999999,387.91468217561135,7.3569137520263954,196.8096464686175,0,0,0,0,0,0,0,0
1.3022,387.85560925957628,9.3506055867483227,198.31980328261076,0,0,0,0,0,0,0,0
1.3022199999999999,387.87292020196929,7.5815562167528245,199.8221307703347,0,0,0,0,0,0,0,0
1.3022399999999998,387.83421807262084,8.5771914722790985,201.31656962248618,0,0,0,0,0,0,0,0
1.30226,387.82302967551044,8.5241763490770861,202.80306084119161,0,0,0,0,0,0,0,0
1.3022799999999999,387.82005393217793,7.8745418367495734,204.28154574229609,0,0,0,0,0,0,0,0
1.3023,387.7794798042413,9.4067937859344273,205.75196595777402,0,0,0,0,0,0,0,0
1.3023199999999999,387.8042901165644,7.6925511949806813,207.21426343792643,0,0,0,0,0,0,0,0
1.3023399999999998,387.76637757934344,9.128707597910644,208.66838045376605,0,0,0,0,0,0,0,0
1.30236,387.7749574098741,8.6102850273855616,210.11425959925597,0,0,0,0,0,0,0,0
1.3023799999999999,387.77433255793824,8.2691468659948129,211.55184379353707,0,0,0,0,0,0,0,0
1.3024,387.74938138452507,9.4620355916552281,212.98107628327296,0,0,0,0,0,0,0,0
1.3024199999999999,387.78116761780535,7.8594563119471923,214.40190064478631,0,0,0,0,0,0,0,0
1.30244,387.74557259483487,9.6639741429085557,215.81426078638984,0,0,0,0,0,0,0,0
1.30246,387.77255296060957,8.7370922961984654,217.21810095049798,0,0,0,0,0,0,0,0
1.3024799999999999,387.77349868379883,8.825865254352605,218.61336571591767,0,0,0,0,0,0,0,0
1.3025,387.76681168840059,9.6717261611730336,219.99999999999747,0,0,0,0,0,0,0,0
1.3025199999999999,387.80997330657169,8.0434100525951724,221.3779490607651,0,0,0,0,0,0,0,0
1.30254,387.77657532380243,10.143868342640626,222.74715849917601,0,0,0,0,0,0,0,0
1.3025599999999999,387.82090280520441,8.8649120700271204,224.10757426116123,0,0,0,0,0,0,0,0
1.3025799999999998,387.82302227551082,9.3755109939963877,225.45914263984832,0,0,0,0,0,0,0,0
1.3026,387.83734925759558,9.7369399996790751,226.80181027764405,0,0,0,0,0,0,0,0
1.3026199999999999,387.88259387485584,8.4621900266758452,228.13552416830478,0,0,0,0,0,0,0,0
1.30264,387.85935770524492,10.527495509012212,229.46023165911396,0,0,0,0,0,0,0,0
1.3026599999999999,387.91857271124843,9.0817084891874771,230.77588045286419,0,0,0,0,0,0,0,0
1.3026799999999998,387.9254327031145,9.8119700729314605,232.08241861000579,0,0,0,0,0,0,0,0
1.3027,387.95730661382231,9.7449116253802188,233.37979455067281,0,0,0,0,0,0,0,0
1.3027199999999999,388.00185051723713,8.8798526084955149,234.66795705662616,0,0,0,0,0,0,0,0
1.30274,387.99570480298496,10.578431991565957,235.94685527348562,0,0,0,0,0,0,0,0
1.3027599999999999,388.06190639026283,9.2155265097807391,237.21643871248151,0,0,0,0,0,0,0,0
1.30278,388.06927419501989,10.351040113839002,238.47665725266802,0,0,0,0,0,0,0,0
1.3028,388.12033847508974,9.9112022745508295,239.72746114275225,0,0,0,0,0,0,0,0
1.3028199999999999,388.1669811183977,9.4472618792843495,240.96880100314982,0,0,0,0,0,0,0,0
1.30284,388.18162438012359,10.705467707352533,242.20062782789964,0,0,0,0,0,0,0,0
1.3028599999999999,388.2579663720295,9.2869470490807853,243.42289298656561,0,0,0,0,0,0,0,0
1.30288,388.26446824957014,10.819153417963559,244.63554822623422,0,0,0,0,0,0,0,0
1.3028999999999999,388.33356745660296,9.9970442254031067,245.83854567333108,0,0,0,0,0,0,0,0
1.3029199999999999,388.38026677466303,9.9254350716728208,247.03183783558785,0,0,0,0,0,0,0,0
1.30294,388.41345268790286,10.79856122921576,248.21537760388389,0,0,0,0,0,0,0,0
1.3029599999999999,388.49747669477858,9.4445132893065598,249.38911825407422,0,0,0,0,0,0,0,0
1.30298,388.50406290889612,11.364837927975314,250.55301344890904,0,0,0,0,0,0,0,0
1.3029999999999999,388.59303182294246,10.150652974400828,251.70701723977785,0,0,0,0,0,0,0,0
1.3030199999999998,388.64210233246655,10.397738072928929,252.85108406859757,0,0,0,0,0,0,0,0
1.30304,388.69391845390419,10.87597710860989,253.98516876957899,0,0,0,0,0,0,0,0
1.3030599999999999,388.78514623084089,9.576841230468105,255.10922657097939,0,0,0,0,0,0,0,0
1.30308,388.80153818126001,11.487855871608566,256.22321309694189,0,0,0,0,0,0,0,0
1.3030999999999999,388.8993189631525,10.260038175365924,257.32708436916562,0,0,0,0,0,0,0,0
1.3031199999999998,388.94863124535402,10.816736188730802,258.42079680871313,0,0,0,0,0,0,0,0
1.30314,389.01814055176504,10.88997186879398,259.50430723769972,0,0,0,0,0,0,0,0
1.3031599999999999,389.1111769946707,9.8306039166134429,260.5775728809694,0,0,0,0,0,0,0,0
1.30318,389.14179465269495,11.528373213834001,261.64055136785163,0,0,0,0,0,0,0,0
1.3031999999999999,389.24610465982198,10.341964489167482,262.69320073375667,0,0,0,0,0,0,0,0
1.30322,389.29369030112025,11.3289204555906,263.73547942190896,0,0,0,0,0,0,0,0
1.30324,389.38281789668287,10.986748833130177,264.76734628491181,0,0,0,0,0,0,0,0
1.3032599999999999,389.47565659657937,10.287457375404239,265.78876058643766,0,0,0,0,0,0,0,0
1.30328,389.52440175428472,11.632122558404522,266.79968200281718,0,0,0,0,0,0,0,0
1.3032999999999999,389.63655043380703,10.477150838832591,267.80007062455809,0,0,0,0,0,0,0,0
1.30332,389.68351547717208,11.820372826799629,268.78988695808494,0,0,0,0,0,0,0,0
1.3033399999999999,389.79192544066905,11.051923603430842,269.76909192709877,0,0,0,0,0,0,0,0
1.3033599999999999,389.88344732064832,10.703291997151094,270.73764687428206,0,0,0,0,0,0,0,0
1.30338,389.94874497507107,11.684211423463688,271.69551356275258,0,0,0,0,0,0,0,0
1.3033999999999999,390.06632354076748,10.615550024545136,272.64265417755621,0,0,0,0,0,0,0,0
1.30342,390.11417143788077,12.240855869999454,273.57903132722043,0,0,0,0,0,0,0,0
1.3034399999999999,390.23891444583802,11.165064620546035,274.50460804516177,0,0,0,0,0,0,0,0
1.3034599999999998,390.32975747673908,11.157704619451167,275.41934779120476,0,0,0,0,0,0,0,0
1.30348,390.41391650926096,11.698935201985744,276.32321445299863,0,0,0,0,0,0,0,0
1.3034999999999999,390.53689216456462,10.641359258574452,277.21617234741888,0,0,0,0,0,0,0,0
1.30352,390.59030665652352,12.34409674344926,278.09818622203295,0,0,0,0,0,0,0,0
1.3035399999999999,390.7228986161187,11.275315603312666,278.96922125642737,0,0,0,0,0,0,0,0
1.3035600000000001,390.81169287038284,11.664900827246685,279.82924306364635,0,0,0,0,0,0,0,0
1.30358,390.9158024920755,11.755137378608977,280.67821769148571,0,0,0,0,0,0,0,0
1.3035999999999999,391.04493318845732,10.698234963112641,281.51611162388889,0,0,0,0,0,0,0,0
1.30362,391.10842758386639,12.272868387582367,282.34289178224543,0,0,0,0,0,0,0,0
1.3036399999999999,391.24324458525473,11.265747984143761,283.15852552667542,0,0,0,0,0,0,0,0
1.30366,391.32580287326937,12.10816811996161,283.96298065737,0,0,0,0,0,0,0,0
1.3036799999999999,391.4453782175878,11.931602040385865,284.75622541580344,0,0,0,0,0,0,0,0
1.3036999999999999,391.58082424197687,10.995488723290123,285.53822848603841,0,0,0,0,0,0,0,0
1.30372,391.65897777398544,12.366145469045975,286.30895899593946,0,0,0,0,0,0,0,0
1.3037399999999999,391.80100649872287,11.344991894407414,287.06838651837188,0,0,0,0,0,0,0,0
1.30376,391.88101844918521,12.500367005723275,287.81648107245115,0,0,0,0,0,0,0,0
1.3037799999999999,392.01793491077319,11.849607823395742,288.55321312467174,0,0,0,0,0,0,0,0
1.3037999999999998,392.14519559871007,11.350557145069514,289.27855359012051,0,0,0,0,0,0,0,0
1.30382,392.23686161279073,12.440938907172303,289.99247383360427,0,0,0,0,0,0,0,0
1.3038399999999999,392.38347824121036,11.525975302026065,290.69494567076129,0,0,0,0,0,0,0,0
1.30386,392.46359399591432,12.984862032682848,291.38594136922518,0,0,0,0,0,0,0,0
1.3038799999999999,392.61780757524895,12.044195880249383,292.06543364964392,0,0,0,0,0,0,0,0
1.3038999999999998,392.74532183743759,11.841987271814185,292.73339568683247,0,0,0,0,0,0,0,0
1.30392,392.85691934252424,12.444186599128804,293.38980111081707,0,0,0,0,0,0,0,0
1.3039399999999999,393.00813071986926,11.493780667806353,294.03462400780575,0,0,0,0,0,0,0,0
1.30396,393.09433594395085,12.918926450291401,294.66783892131224,0,0,0,0,0,0,0,0
1.3039799999999999,393.25073465744157,12.004052950030529,295.28942085308466,0,0,0,0,0,0,0,0
1.304,393.36943779552206,12.285569008254644,295.89934526414379,0,0,0,0,0,0,0,0
1.30402,393.49773205277603,12.518665020347296,296.49758807570726,0,0,0,0,0,0,0,0
1.3040399999999999,393.65401794197851,11.587730271621222,297.08412567017876,0,0,0,0,0,0,0,0
1.30406,393.74801316494296,12.968528365331712,297.6589348920636,0,0,0,0,0,0,0,0
1.3040799999999999,393.90901117893219,12.068855401078347,298.22199304886743,0,0,0,0,0,0,0,0
1.3041,394.0233249498757,12.69369637307407,298.77327791202856,0,0,0,0,0,0,0,0
1.3041199999999999,394.16822564962331,12.480044711322538,299.31276771775458,0,0,0,0,0,0,0,0
1.3041399999999999,394.32681790426813,11.557827285099366,299.84044116791677,0,0,0,0,0,0,0,0
1.30416,394.42645603379202,12.883510278010421,300.35627743087542,0,0,0,0,0,0,0,0
1.3041799999999999,394.58874888870344,11.988387476874664,300.86025614228879,0,0,0,0,0,0,0,0
1.3042,394.69382702302994,13.012928338886118,301.35235740594942,0,0,0,0,0,0,0,0
1.3042199999999999,394.85105324686333,12.472089127104859,301.83256179453309,0,0,0,0,0,0,0,0
1.3042399999999998,395.00630986039977,11.811420006547047,302.30085035039741,0,0,0,0,0,0,0,0
1.30426,395.11742104472881,12.939753327061691,302.75720458631599,0,0,0,0,0,0,0,0
1.3042799999999999,395.28317613184424,12.104523499718518,303.20160648619685,0,0,0,0,0,0,0,0
1.3043,395.38637549851126,13.387844214973629,303.63403850582182,0,0,0,0,0,0,0,0
1.3043199999999999,395.55797406897642,12.507902874418708,304.05448357350747,0,0,0,0,0,0,0,0
1.3043399999999998,395.70788149538186,12.164797277445642,304.46292509080644,0,0,0,0,0,0,0,0
1.30436,395.83215790378887,12.952467199932885,304.85934693315045,0,0,0,0,0,0,0,0
1.3043799999999999,396.00103961675967,12.100540353482902,305.24373345047678,0,0,0,0,0,0,0,0
1.3044,396.10742381223764,13.43490527267935,305.61606946787094,0,0,0,0,0,0,0,0
1.3044199999999999,396.28340014419831,12.533912180332605,305.97634028613771,0,0,0,0,0,0,0,0
1.30444,396.42494546070935,12.630931928091982,306.3245316824117,0,0,0,0,0,0,0,0
1.30446,396.56703219905637,12.933927183640417,306.66062991068009,0,0,0,0,0,0,0,0
1.3044799999999999,396.73827931644735,12.054478101217068,306.984621702364,0,0,0,0,0,0,0,0
1.3045,396.84965897300873,13.297174995034279,307.29649426683352,0,0,0,0,0,0,0,0
1.3045199999999999,397.02242257235844,12.496616175394779,307.59623529187962,0,0,0,0,0,0,0,0
1.30454,397.15485626388045,12.958646811694939,307.88383294424818,0,0,0,0,0,0,0,0
1.3045599999999999,397.30926201452939,12.897061340703026,308.1592758700711,0,0,0,0,0,0,0,0
1.3045799999999999,397.48116334610557,12.045782161535103,308.42255319533604,0,0,0,0,0,0,0,0
1.3046,397.59539021960876,13.318563362685085,308.67365452630702,0,0,0,0,0,0,0,0
1.3046199999999999,397.77154236518737,12.475854687606546,308.91256994992909,0,0,0,0,0,0,0,0
1.30464,397.8948161889864,13.293752873082322,309.13929003423465,0,0,0,0,0,0,0,0
1.3046599999999999,398.06153479021629,12.855708257948294,309.35380582869891,0,0,0,0,0,0,0,0
1.3046799999999998,398.23384758195704,12.022178033353931,309.55610886460772,0,0,0,0,0,0,0,0
1.3047,398.35097735107365,13.248303800234451,309.74619115538525,0,0,0,0,0,0,0,0
1.3047199999999999,398.52672936213673,12.419202387388316,309.92404519690473,0,0,0,0,0,0,0,0
1.30474,398.63922677719506,13.65033993925597,310.0896639677963,0,0,0,0,0,0,0,0
1.3047599999999999,398.81985944771088,12.757584990846476,310.24304092971158,0,0,0,0,0,0,0,0
1.3047800000000001,398.98012155229571,12.330343713820483,310.38417002759343,0,0,0,0,0,0,0,0
1.3048,399.11016056892794,13.166922939752601,310.51304568990417,0,0,0,0,0,0,0,0
1.3048199999999999,399.28510570139525,12.341140243342208,310.62966282885469,0,0,0,0,0,0,0,0
1.30484,399.39870386026001,13.57750029080719,310.73401684060087,0,0,0,0,0,0,0,0
1.3048599999999999,399.57744626400893,12.750428171937132,310.82610360542316,0,0,0,0,0,0,0,0
1.30488,399.72849664476701,12.654153882858195,310.9059194878954,0,0,0,0,0,0,0,0
1.3048999999999999,399.87046518541109,13.089415137228446,310.97346133702177,0,0,0,0,0,0,0,0
1.3049199999999999,400.04457531975817,12.256701526658652,311.02872648636651,0,0,0,0,0,0,0,0
1.30494,400.16016438384878,13.488039187799787,311.07171275415647,0,0,0,0,0,0,0,0
1.3049599999999999,400.3377082399083,12.649924641982253,311.10241844336667,0,0,0,0,0,0,0,0
1.30498,400.47581726448095,13.009071176018431,311.12084234178968,0,0,0,0,0,0,0,0
1.3049999999999999,400.63024227581633,13.031292798312506,311.12698372208092,0,0,0,0,0,0,0,0
1.3050199999999998,400.8038806116819,12.181424322303977,311.12084234178974,0,0,0,0,0,0,0,0
1.30504,400.85959624289455,0.00031110241606833972,311.10241844336679,0,0,0,1,0,0,0,0
1.3050599999999999,400.70778331859975,0.00031105200040842007,311.07171275415664,0,0,0,1,0,0,0,0
1.30508,400.55602847217727,0.00031102872484890912,311.02872648636674,0,0,0,1,0,0,0,0
1.3050999999999999,400.40433117941677,0.00031097346006845336,310.97346133702206,0,0,0,1,0,0,0,0
1.3051199999999998,400.25269132443918,0.00031090591858826605,310.90591948789569,0,0,0,1,0,0,0,0
1.30514,400.10110915415481,0.00031082610307476844,310.82610360542355,0,0,0,1,0,0,0,0
1.3051599999999999,399.94958437759152,0.00031073401667894171,310.73401684060133,0,0,0,1,0,0,0,0
1.30518,399.79811699882043,0.00031062966303619749,310.6296628288552,0,0,0,1,0,0,0,0
1.3051999999999999,399.64670698319708,0.00031051304626624073,310.51304568990474,0,0,0,1,0,0,0,0
1.30522,399.49535429610921,0.00031038417097289971,310.3841700275928,0,0,0,1,0,0,0,0
1.30524,399.34405894161694,0.00031024304224395283,310.24304092971227,0,0,0,1,0,0,0,0
1.3052599999999999,399.19282087223439,0.00031008966565091936,310.08966396779704,0,0,0,1,0,0,0,0
1.30528,399.04164009203367,0.00030992404724884313,309.92404519690547,0,0,0,1,0,0,0,0
1.3052999999999999,398.89051655354149,0.00030974609716740516,309.74619115538604,0,0,0,1,0,0,0,0
1.30532,398.73945026085778,0.00030955611165391919,309.55610886460858,0,0,0,1,0,0,0,0
1.3053399999999999,398.58844117941436,0.00030935380898653906,309.35380582869982,0,0,0,1,0,0,0,0
1.3053599999999999,398.43748927463093,0.00030913929356047876,309.13929003423561,0,0,0,1,0,0,0,0
1.30538,398.28659455066793,0.00030891257384443806,308.91256994993012,0,0,0,1,0,0,0,0
1.3053999999999999,398.13575696002772,0.00030867365878892703,308.67365452630816,0,0,0,1,0,0,0,0
1.30542,397.98497650693673,0.00030842255782589879,308.42255319533717,0,0,0,1,0,0,0,0
1.3054399999999999,397.8342531568278,0.00030815928086839382,308.15927587007235,0,0,0,1,0,0,0,0
1.3054599999999998,397.68358687508896,0.00030788383831013356,307.88383294424949,0,0,0,1,0,0,0,0
1.30548,397.53297766606073,0.00030759624102511581,307.59623529188099,0,0,0,1,0,0,0,0
1.3054999999999999,397.38242548212651,0.00030729650036719406,307.29649426683488,0,0,0,1,0,0,0,0
1.30552,397.23193032773219,0.00030698462816961105,306.98462170236832,0,0,0,1,0,0,0,0
1.3055399999999999,397.08149216826706,0.00030666063674455264,306.66062991068162,0,0,0,1,0,0,0,0
1.3055599999999998,396.93111096904198,0.00030632453888264263,306.32453168241318,0,0,0,1,0,0,0,0
1.30558,396.78078673466638,0.00030597634785244624,305.97634028614254,0,0,0,1,0,0,0,0
1.3055999999999999,396.63051941731766,0.00030561607739995503,305.61606946787589,0,0,0,1,0,0,0,0
1.30562,396.48030902174941,0.00030524374174802012,305.24373345047854,0,0,0,1,0,0,0,0
1.3056399999999999,396.33015551326054,0.00030485935559582854,304.85934693315221,0,0,0,1,0,0,0,0
1.30566,396.18005885704213,0.00030446293411827744,304.46292509080826,0,0,0,1,0,0,0,0
1.30568,396.03001905806138,0.00030405449296541485,304.05448357350934,0,0,0,1,0,0,0,0
1.3056999999999999,395.88003606820087,0.0003036340482617949,303.63403850582375,0,0,0,1,0,0,0,0
1.30572,395.73010989260882,0.00030320161660585043,303.20160648619878,0,0,0,1,0,0,0,0
1.3057399999999999,395.58024048301115,0.00030236852323085823,302.75720458631804,0,0,0,1,0,0,0,0
1.30576,395.43042784475369,0.00030230086119619929,302.30085035039951,0,0,0,1,0,0,0,0
1.3057799999999999,395.28067194293004,0.00030183257300277395,301.83256179453525,0,0,0,1,0,0,0,0
1.3057999999999998,395.13097274247929,0.00030135236897618675,301.35235740595158,0,0,0,1,0,0,0,0
1.30582,394.98133024903319,0.000300860268074066,300.86025614229106,0,0,0,1,0,0,0,0
1.3058399999999999,394.83174441389735,0.00030035628972371393,300.3562774308777,0,0,0,1,0,0,0,0
1.30586,394.68221524293807,0.00029984045382134606,299.84044116791915,0,0,0,1,0,0,0,0
1.3058799999999999,394.5327427010522,0.0002993127807312677,299.31276771775703,0,0,0,1,0,0,0,0
1.3058999999999998,394.38332675295152,0.00029877329128511182,298.77327791203106,0,0,0,1,0,0,0,0
1.30592,394.2339674048402,0.00029822200678099282,298.22199304886993,0,0,0,1,0,0,0,0
1.3059399999999999,394.08466460751418,0.000297658948982689,297.65893489206616,0,0,0,1,0,0,0,0
1.30596,393.93541836744782,0.00029708414011874802,297.08412567018138,0,0,0,1,0,0,0,0
1.3059799999999999,393.78622864929889,0.00029649760288164988,296.49758807570993,0,0,0,1,0,0,0,0
1.306,393.63709541750785,0.00029589936042686979,295.89934526414106,0,0,0,1,0,0,0,0
1.30602,393.48801867893519,0.00029528943637200641,295.28942085308745,0,0,0,1,0,0,0,0
1.3060399999999999,393.33899838378267,0.00029466785479581153,294.66783892131508,0,0,0,1,0,0,0,0
1.30606,393.19003453922011,0.00029403464023725599,294.03462400780865,0,0,0,1,0,0,0,0
1.3060799999999999,393.04112710962085,0.00029338981769457754,293.38980111082003,0,0,0,1,0,0,0,0
1.3061,392.89227605911128,0.00029273341262425436,292.73339568684145,0,0,0,1,0,0,0,0
1.3061199999999999,392.74348139529639,0.00029206545094004669,292.06543364964699,0,0,0,1,0,0,0,0
1.3061399999999999,392.59474306769658,0.00029138595901193211,291.38594136922825,0,0,0,1,0,0,0,0
1.30616,392.44606108426149,0.00029069496366507605,290.69494567076441,0,0,0,1,0,0,0,0
1.3061799999999999,392.29743539408719,-2.5017325241211385e-05,289.99247383361387,0,0,0,1,0,0,0,0
1.3062,392.148866005797,0.00028927857228550579,289.27855359012381,0,0,0,1,0,0,0,0
1.3062199999999999,392.00035288297045,0.00028855323216949201,288.55321312467504,0,0,0,1,0,0,0,0
1.3062399999999998,391.85189598931368,0.0002878165004659613,287.81648107246127,0,0,0,1,0,0,0,0
1.30626,391.70349533364157,0.00028706840625979292,287.06838651837529,0,0,0,1,0,0,0,0
1.3062799999999999,391.55515086435162,0.00028630897905167516,286.30895899594293,0,0,0,1,0,0,0,0
1.3063,391.40686259065581,0.00028553824892094283,285.53822848604193,0,0,0,1,0,0,0,0
1.3063199999999999,391.25863047605918,0.00028475624619624627,284.75622541580702,0,0,0,1,0,0,0,0
1.3063399999999998,391.11045448374767,0.00028396300178253075,283.96298065737358,0,0,0,1,0,0,0,0
1.30636,390.96233462348312,0.0002831585469957203,283.15852552667906,0,0,0,1,0,0,0,0
1.3063799999999999,390.81427084277925,0.00028234291359432675,282.34289178224913,0,0,0,1,0,0,0,0
1.3064,390.66626315183015,0.00028151613377814567,281.51611162389264,0,0,0,1,0,0,0,0
1.3064199999999999,390.51831151371368,0.00028067824018704329,280.67821769148952,0,0,0,1,0,0,0,0
1.30644,390.37041589115699,0.00027982926589960886,279.82924306364248,0,0,0,1,0,0,0,0
1.30646,390.2225762949534,0.00027896924443190885,278.96922125643135,0,0,0,1,0,0,0,0
1.3064799999999999,390.07479267164854,0.00027809820973611059,278.09818622203693,0,0,0,1,0,0,0,0
1.3065,389.92706503250264,0.00027721619619916444,277.21617234742286,0,0,0,1,0,0,0,0
1.3065199999999999,389.77939334012331,0.00027632323864147055,276.32321445300266,0,0,0,1,0,0,0,0
1.30654,389.63177755673968,0.00027541937231544806,275.41934779120885,0,0,0,1,0,0,0,0
1.3065599999999999,389.48421769425602,0.00027450463290420828,274.50460804516592,0,0,0,1,0,0,0,0
1.3065799999999999,389.33671369816983,0.00027357905652008872,273.57903132722464,0,0,0,1,0,0,0,0
1.3066,389.18926558088771,0.00027264267970325182,272.64265417756047,0,0,0,1,0,0,0,0
1.3066199999999999,389.04187330450753,0.00027169553942026781,271.6955135627569,0,0,0,1,0,0,0,0
1.30664,388.89453683071872,0.0002707376730625959,270.73764687428638,0,0,0,1,0,0,0,0
1.3066599999999999,388.74725617261856,0.00026976911844517755,269.7690919271032,0,0,0,1,0,0,0,0
1.3066799999999998,388.60003127457526,0.00026878991380488161,268.78988695808937,0,0,0,1,0,0,0,0
1.3067,388.45286215022202,0.00026780009779902198,267.80007062457162,0,0,0,1,0,0,0,0
1.3067199999999999,388.30574874341477,0.00026679955465944773,266.79968200282173,0,0,0,1,0,0,0,0
1.30674,388.15869106833702,0.00026578878841297752,265.78876058644227,0,0,0,1,0,0,0,0
1.3067599999999999,388.01168908628574,0.00026476737443586194,264.76734628492574,0,0,0,1,0,0,0,0
1.3067799999999998,387.8647427581119,0.00026373550789614888,263.73547942192306,0,0,0,1,0,0,0,0
1.3068,387.7178520987527,0.0002626932295301529,262.69320073376139,0,0,0,1,0,0,0,0
1.3068199999999999,387.57101705082312,0.0002616405804852766,261.6405513678564,0,0,0,1,0,0,0,0
1.30684,387.42423762984498,0.00026057760231827366,260.57757288097423,0,0,0,1,0,0,0,0
1.3068599999999999,387.27751379650852,0.00025950433699372115,259.50430723770461,0,0,0,1,0,0,0,0
1.30688,387.13084551103094,0.00025842082688227693,258.42079680871802,0,0,0,1,0,0,0,0
1.3069,386.98423278973098,0.00025732711475908468,257.32708436917062,0,0,0,1,0,0,0,0
1.3069199999999999,386.83767557390672,0.00025622324380201626,256.22321309694689,0,0,0,1,0,0,0,0
1.30694,386.6911738804925,0.00025510925758999708,255.10922657098445,0,0,0,1,0,0,0,0
1.3069599999999999,386.54472766953546,0.00025398520010131532,253.98516876958408,0,0,0,1,0,0,0,0
1.30698,386.3983369005802,0.00025285111571181568,252.85108406860274,0,0,0,1,0,0,0,0
1.3069999999999999,386.25200159140292,0.00025170704919322842,251.70701723978306,0,0,0,1,0,0,0,0
1.3070199999999998,386.10572168190862,0.00025055304571133065,250.5530134489143,0,0,0,1,0,0,0,0
1.30704,385.9594971905201,0.00024938915082419328,249.38911825407951,0,0,0,1,0,0,0,0
1.3070599999999999,385.81332807660226,0.00024821541048041451,248.21537760388921,0,0,0,1,0,0,0,0
1.30708,385.66721429899235,0.00024703187101723218,247.03183783559325,0,0,0,1,0,0,0,0
1.3070999999999999,385.52115587699706,0.00024583857915877911,245.83854567333651,0,0,0,1,0,0,0,0
1.3071199999999998,385.37515274905411,0.00024463558201416385,244.63554822623968,0,0,0,1,0,0,0,0
1.30714,385.2292049351492,0.00024342292707564322,243.4228929865711,0,0,0,1,0,0,0,0
1.3071599999999999,385.0833123730651,0.00024145556485698908,242.20062782790518,0,0,0,1,0,0,0,0
1.30718,384.93747508348042,0.000240968835690474,240.96880100315542,0,0,0,1,0,0,0,0
1.3071999999999999,384.79169302471979,0.00023972749612715148,239.72746114275787,0,0,0,1,0,0,0,0
1.30722,384.64596615454343,0.00023847669253274984,238.47665725266231,0,0,0,1,0,0,0,0
1.30724,384.50029449457071,0.00023721647428687583,237.21643871248719,0,0,0,1,0,0,0,0
1.3072599999999999,384.3546779810157,0.00023594689114076221,235.94685527349139,0,0,0,1,0,0,0,0
1.30728,384.20911663622167,0.00023466799321540966,234.66795705664359,0,0,0,1,0,0,0,0
1.3072999999999999,384.06361041774181,0.00023337983099949803,233.3797945506787,0,0,0,1,0,0,0,0
1.30732,383.91815928253999,0.00023208245534744531,232.08241861001164,0,0,0,1,0,0,0,0
1.3073399999999999,383.77276325394217,0.00023077591747747958,230.77588045288198,0,0,0,1,0,0,0,0
1.3073599999999999,383.62742226652045,0.00022946026896943173,229.46023165913189,0,0,0,1,0,0,0,0
1.30738,383.48213634435393,0.00022813556176284015,228.13552416831081,0,0,0,1,0,0,0,0
1.3073999999999999,383.33690544418931,0.0002268018481549246,226.80181027765008,0,0,0,1,0,0,0,0
1.30742,383.19172952216115,0.00022545918079837875,225.45914263985438,0,0,0,1,0,0,0,0
1.3074399999999999,383.04660860336935,0.00022410761269943513,224.10757426116734,0,0,0,1,0,0,0,0
1.3074599999999998,382.90154262067574,0.00022274719721567587,222.74715849918218,0,0,0,1,0,0,0,0
1.30748,382.75653159996256,0.00022137798805396257,221.37794906077133,0,0,0,1,0,0,0,0
1.3074999999999999,382.61157549713766,0.00022000003926835301,220.00000000000372,0,0,0,1,0,0,0,0
1.30752,382.46667426747052,0.00021861340525788114,218.61336571592395,0,0,0,1,0,0,0,0
1.3075399999999999,382.32182793790355,0.00021721814076450837,217.21810095050435,0,0,0,1,0,0,0,0
1.3075599999999998,382.17703643952063,0.00021581430087087522,215.81426078639623,0,0,0,1,0,0,0,0
1.30758,382.03229980007535,0.00021440194099816431,214.40190064479273,0,0,0,1,0,0,0,0
1.3075999999999999,381.88761794960431,-7.1961750000833219e-05,212.98107628327941,0,0,0,1,0,0,0,0
1.30762,381.74299091746889,0.00021155188467991047,211.55184379354358,0,0,0,1,0,0,0,0
1.3076399999999999,381.59841865753066,0.00021011430074971112,210.11425959926251,0,0,0,1,0,0,0,0
1.30766,381.45390112402657,0.00020866842186667838,208.66838045377261,0,0,0,1,0,0,0,0
1.30768,381.30943834664635,0.00020721430511166106,207.21426343793303,0,0,0,1,0,0,0,0
1.3076999999999999,381.16503025381661,0.00020575200782289759,205.75196595778064,0,0,0,1,0,0,0,0
1.30772,381.02067687607865,0.00020428158793272947,204.28154574230277,0,0,0,1,0,0,0,0
1.3077399999999999,380.87637816715744,0.00020280310328748099,202.80306084119832,0,0,0,1,0,0,0,0
1.30776,380.73213408008462,0.00020131661232295584,201.31656962249292,0,0,0,1,0,0,0,0
1.3077799999999999,380.58794464655142,0.00019982217372329893,199.82213077034149,0,0,0,1,0,0,0,0
1.3077999999999999,380.4438097930481,0.0001983198464863738,198.31980328261758,0,0,0,1,0,0,0,0
1.30782,380.29972955214339,0.00019680968992147389,196.80964646862435,0,0,0,1,0,0,0,0
1.3078399999999999,380.1557038766108,0.00019529176364702165,195.29171994679433,0,0,0,1,0,0,0,0
1.30786,380.0117327185049,0.00019376612758811987,193.76608364223998,0,0,0,1,0,0,0,0
1.3078799999999999,379.86781611158136,0.00019223284197429554,192.23279778449796,0,0,0,1,0,0,0,0
1.3078999999999998,379.72395398033154,0.00019069196733702539,190.69192290505475,0,0,0,1,0,0,0,0
1.30792,379.58014635941566,0.00018914356450737391,189.14351983498409,0,0,0,1,0,0,0,0
1.3079399999999999,379.43639320062141,0.00018758769461370316,187.58764970265807,0,0,0,1,0,0,0,0
1.30796,379.29269445499853,0.00018602441907900863,186.02437393108093,0,0,0,1,0,0,0,0
1.3079799999999999,379.14905015842692,0.00018445379961880176,184.453754235774,0,0,0,1,0,0,0,0
1.3080000000000001,379.00546023333868,0.00018287589823840722,182.87585262207102,0,0,0,1,0,0,0,0
1.30802,378.86192471654431,0.00018129077723069825,181.29073138285446,0,0,0,1,0,0,0,0
1.3080399999999999,378.71844355881706,0.00017969849917352364,179.69845309598239,0,0,0,1,0,0,0,0
1.30806,378.57501671017059,0.00017809912692728057,178.09908062186071,0,0,0,1,0,0,0,0
1.3080799999999999,378.43164420867032,0.0001764927236324753,176.49267710100497,0,0,0,1,0,0,0,0
1.3081,378.28832597462878,0.00017487935270713047,174.87930595144667,0,0,0,1,0,0,0,0
1.3081199999999999,378.1450620470668,0.00017325907784439674,173.25903086634531,0,0,0,1,0,0,0,0
1.3081399999999999,378.00185234536565,0.00017163166450222649,171.63191581137238,0,0,0,1,0,0,0,0
1.30816,377.85869690951444,0.00016999807243944358,169.9980250222294,0,0,0,1,0,0,0,0
1.3081799999999999,377.71559568878149,0.00016835747063614849,168.35742300215657,0,0,0,1,0,0,0,0
1.3082,377.57254863164815,0.00016671022236817203,166.71017451928284,0,0,0,1,0,0,0,0
1.3082199999999999,377.42955577940336,0.00016505639266608496,165.05634460418753,0,0,0,1,0,0,0,0
1.3082399999999998,377.28661704922649,0.00016339604682023728,163.39599854722906,0,0,0,1,0,0,0,0
1.30826,377.14373248339871,0.00016172925037822507,161.72920189601163,0,0,0,1,0,0,0,0
1.3082799999999999,377.00090203010296,0.00016005606914234756,160.05602045284317,0,0,0,1,0,0,0,0
1.3083,376.85812563671408,0.00015837656916690531,158.37652027203191,0,0,0,1,0,0,0,0
1.3083199999999999,376.71540334684596,0.00015669081675571169,156.69076765739953,0,0,0,1,0,0,0,0
1.3083399999999998,376.57273507541913,0.00015499887845936999,154.99882915955766,0,0,0,1,0,0,0,0
1.30836,376.43012086706267,0.00015330082107269224,153.30077157332576,0,0,0,1,0,0,0,0
1.3083799999999999,376.28756066884534,0.0001515967116321068,151.59666193514047,0,0,0,1,0,0,0,0
1.3084,376.1450544270096,0.00014988661741290599,149.88656752030161,0,0,0,1,0,0,0,0
1.3084199999999999,376.00260218754687,0.00014817060592671214,148.17055584043945,0,0,0,1,0,0,0,0
1.30844,375.86020386306689,0.0001464487449186894,146.44869464072576,0,0,0,1,0,0,0,0
1.30846,375.71785950059962,0.00014472110236499335,144.7210518973236,0,0,0,1,0,0,0,0
1.3084799999999999,375.57556904607321,0.00014298774646997805,142.9876958145947,0,0,0,1,0,0,0,0
1.3085,375.43333244457023,0.00014124874566353522,141.24869482243773,0,0,0,1,0,0,0,0
1.3085199999999999,375.29114974451409,0.00013950416859851713,139.50411757371296,0,0,0,1,0,0,0,0
1.30854,375.14902085614915,0.00013775408414774492,137.75403294124823,0,0,0,1,0,0,0,0
1.3085599999999999,375.00694582895807,0.00013599856140163495,135.99851001546733,0,0,0,1,0,0,0,0
1.3085799999999999,374.86492457215098,0.00013304906060725128,134.23761810137782,0,0,0,1,0,0,0,0
1.3086,374.72295713628091,0.00013247147845537775,132.47142671596131,0,0,0,1,0,0,0,0
1.3086199999999999,374.5810434655985,0.00013070005749844194,130.7000055854615,0,0,0,1,0,0,0,0
1.30864,374.43918350348395,0.00012892347672701439,128.92342464251934,0,0,0,1,0,0,0,0
1.3086599999999999,374.29737730192363,0.00012714180627749406,127.14175402354066,0,0,0,1,0,0,0,0
1.3086799999999998,374.15562476769145,0.00012535511648714177,125.35506406581472,0,0,0,1,0,0,0,0
1.3087,374.01392595386386,0.00012356347789146035,123.56342530478551,0,0,0,1,0,0,0,0
1.3087199999999999,373.87228080348905,0.00012176696122124068,121.76690847131599,0,0,0,1,0,0,0,0
1.30874,373.73068925872815,0.00011996563739987432,119.96558448878206,0,0,0,1,0,0,0,0
1.3087599999999999,373.58915137411805,0.00011815957754057371,118.15952447040283,0,0,0,1,0,0,0,0
1.3087799999999998,373.44766705394966,0.00011634885294347332,116.34879971631904,0,0,0,1,0,0,0,0
1.3088,373.30623635386951,0.00011453353509286369,114.53348171082712,0,0,0,1,0,0,0,0
1.3088199999999999,373.16485921569938,0.00011271369565441762,112.7136421196064,0,0,0,1,0,0,0,0
1.30884,373.02353558036026,0.00011088940647224763,110.88935278677501,0,0,0,1,0,0,0,0
1.3088599999999999,372.88226550498371,0.00010906073956619957,109.06068573218508,0,0,0,1,0,0,0,0
1.30888,372.74104889133355,0.00010722776712887869,107.22771314844768,0,0,0,1,0,0,0,0
1.3089,372.59988579766946,0.00010539056152293169,105.39050739821504,0,0,0,1,0,0,0,0
1.3089199999999999,372.45877616456613,0.00010354919527807306,103.54914101120779,0,0,0,1,0,0,0,0
1.30894,372.31771993168081,0.00010170374108827308,101.70368668140128,0,0,0,1,0,0,0,0
1.3089599999999999,372.17671715878339,9.9854271808936235e-05,99.8542172642059,0,0,0,1,0,0,0,0
1.30898,372.03576774506706,9.8000860453909536e-05,98.000805773473985,0,0,0,1,0,0,0,0
1.3089999999999999,371.89487175144848,9.6143580192733244e-05,96.143525378751164,0,0,0,1,0,0,0,0
1.3090199999999999,371.75402907571754,-0.00020258810408747572,94.282449402270515,0,0,0,1,0,0,0,0
1.30904,371.61323978079503,9.2417706390686064e-05,92.417651316108007,0,0,0,1,0,0,0,0
1.3090599999999999,371.47250380458246,9.0549259940950007e-05,90.549204739332794,0,0,0,1,0,0,0,0
1.30908,371.331821085179,8.8677238761442886e-05,88.67718343496567,0,0,0,1,0,0,0,0
1.3090999999999999,371.19119168619522,8.680171675642297e-05,86.801661307270052,0,0,0,1,0,0,0,0
1.3091199999999998,371.05061550307909,8.4922767897611137e-05,84.922712398631305,0,0,0,1,0,0,0,0
1.30914,370.91009260061128,8.304046657459949e-05,83.040410886667019,0,0,0,1,0,0,0,0
1.3091599999999999,370.76962291624795,8.1154886885529686e-05,81.15483108150292,0,0,0,1,0,0,0,0
1.30918,370.62920638649427,7.9266103340468205e-05,79.266047422549974,0,0,0,1,0,0,0,0
1.3091999999999999,370.48884307769276,7.7374190505389168e-05,77.374134475787116,0,0,0,1,0,0,0,0
1.3092200000000001,370.34853288262889,7.5479223069737649e-05,75.479166930663737,0,0,0,1,0,0,0,0
1.30924,370.20827586882984,7.3581275843617641e-05,73.58121959728814,0,0,0,1,0,0,0,0
1.3092599999999999,370.06807197243666,7.1680423754718562e-05,71.680367403354083,0,0,0,1,0,0,0,0
1.30928,369.92792112862873,6.977674184540919e-05,69.776685391234182,0,0,0,1,0,0,0,0
1.3092999999999999,369.78782340651276,6.7870305269825815e-05,67.870248715069096,0,0,0,1,0,0,0,0
1.30932,369.64777869617933,6.5961189290785697e-05,65.961132637679952,0,0,0,1,0,0,0,0
1.3093399999999999,369.50778706793363,6.4049469276953312e-05,64.0494125277351,0,0,0,1,0,0,0,0
1.3093599999999999,369.36784845658639,6.213522069974403e-05,62.135163856653833,0,0,0,1,0,0,0,0
1.30938,369.22796279597571,6.0218519130396953e-05,60.218462195678626,0,0,0,1,0,0,0,0
1.3093999999999999,369.08813015800274,5.8299440237042464e-05,58.299383212943795,0,0,0,1,0,0,0,0
1.30942,368.94835043003485,5.6378059781594681e-05,56.378002670366875,0,0,0,1,0,0,0,0
1.3094399999999999,368.8086236851812,5.4454453616898802e-05,54.45439642079652,0,0,0,1,0,0,0,0
1.3094599999999998,368.66894985690868,5.252869768361491e-05,52.528640404896358,0,0,0,1,0,0,0,0
1.30948,368.52932887770243,5.0600868007272873e-05,50.600810648199015,0,0,0,1,0,0,0,0
1.3094999999999999,368.38976082228203,4.8671040695321714e-05,48.670983258157186,0,0,0,1,0,0,0,0
1.30952,368.25024557526723,4.673929193400481e-05,46.739234421016931,0,0,0,1,0,0,0,0
1.3095399999999999,368.11078321259725,4.4805697985490229e-05,44.80564039894962,0,0,0,1,0,0,0,0
1.3095599999999998,367.97137361769961,4.2870172417337218e-05,42.870277526918905,0,0,0,1,0,0,0,0
1.30958,367.83201686773828,4.0933279936542591e-05,40.933222209719581,0,0,0,1,0,0,0,0
1.3095999999999999,367.69271289423244,3.8994608712560879e-05,38.994550919013847,0,0,0,1,0,0,0,0
1.30962,367.55346162771127,3.7054398048179319e-05,37.054340190189649,0,0,0,1,0,0,0,0
1.3096399999999999,367.41426314696491,3.5112724539627573e-05,35.112666619479498,0,0,0,1,0,0,0,0
1.30966,367.27511733264254,3.3169664840798558e-05,33.169606860778572,0,0,0,1,0,0,0,0
1.30968,367.13602426476638,3.1225295660432253e-05,31.225237622829393,0,0,0,1,0,0,0,0
1.3096999999999999,366.99698387348451,2.9279693758876937e-05,29.279635665982653,0,0,0,1,0,0,0,0
1.30972,366.85799608794719,2.733293594509449e-05,27.332877799201768,0,0,0,1,0,0,0,0
1.3097399999999999,366.71906098981424,2.538509907383743e-05,25.38504087724198,0,0,0,1,0,0,0,0
1.30976,366.5801784569378,2.3436260042317558e-05,23.43620179731688,0,0,0,1,0,0,0,0
1.3097799999999999,366.4413485722161,2.148649578739815e-05,21.486437496291657,0,0,0,1,0,0,0,0
1.3097999999999999,366.30257126441563,1.9535883282415734e-05,19.535824947504764,0,0,0,1,0,0,0,0
1.30982,366.16384646130234,1.7584499534194679e-05,17.584441157781985,0,0,0,1,0,0,0,0
1.3098399999999999,366.02517424741842,1.5632421580059042e-05,15.632363164449334,0,0,0,1,0,0,0,0
1.30986,365.88655449780686,1.3679726484668764e-05,13.679668032168184,0,0,0,1,0,0,0,0
1.3098799999999999,365.74798729825233,1.1726491337117975e-05,11.726432850034133,0,0,0,1,0,0,0,0
1.3098999999999998,365.609472576136,9.7727932477680704e-06,9.7727347284100361,0,0,0,1,0,0,0,0
1.30992,365.47101025783331,7.8187093452569785e-06,7.8186507959347882,0,0,0,1,0,0,0,0
1.3099399999999999,365.33260043077911,5.8643167735061798e-06,5.8642581965314697,0,0,0,1,0,0,0,0
1.30996,365.19424296751225,3.9096926885530081e-06,3.9096340862380883,0,0,0,1,0,0,0,0
1.3099799999999999,365.05593795642216,1.9549142556445356e-06,1.9548556303030311,0,0,0,1,0,0,0,0
1.3099999999999998,364.91768526842208,-9.4731361021182165e-08,1.4939476526361785e-11,0,0,0,1,0,0,0,0
1.31002,364.66329206549375,9.6320148859653614,-1.954855630290838,0,0,0,1,0,0,0,0
1.3100399999999999,364.32674402655846,15.785164704144576,-3.9096340862258954,0,0,0,1,0,0,0,0
1.31006,364.09710184219909,17.80093972002264,-5.8642581965192786,0,0,0,1,0,0,0,0
1.3100799999999999,363.88921998098516,19.082621894636794,-7.8186507959225979,0,0,0,1,0,0,0,0
1.3101,363.75140925739987,18.78311840808065,-9.7727347283978503,0,0,0,1,0,0,0,0
1.31012,363.61365072496068,18.418595678354539,-11.726432850021947,0,0,0,1,0,0,0,0
1.3101399999999999,363.47594436390307,17.989089518527038,-13.679668032156002,0,0,0,1,0,0,0,0
1.31016,363.33829015446742,17.494638299961711,-15.632363164437155,0,0,0,1,0,0,0,0
1.3101799999999999,363.2006880769037,16.93528295080457,-17.58444115776981,0,0,0,1,0,0,0,0
1.3102,363.06313811146873,16.311066954370773,-19.535824947510246,0,0,0,1,0,0,0,0
1.3102199999999999,362.92564023842698,15.622036347430228,-21.486437496279489,0,0,0,1,0,0,0,0
1.3102399999999998,362.78819443805008,14.868239718392747,-23.436201797304719,0,0,0,1,0,0,0,0
1.31026,362.65080069061702,14.049728205391997,-25.385040877247452,0,0,0,1,0,0,0,0
1.3102799999999999,362.513458976415,13.166555494269192,-27.332877799189621,0,0,0,1,0,0,0,0
1.3103,362.37616927573777,12.218777816455932,-29.279635665970517,0,0,0,1,0,0,0,0
1.3103199999999999,362.23893156888715,11.20645394675679,-31.225237622834857,0,0,0,1,0,0,0,0
1.3103399999999998,362.10174583617163,10.129645201031144,-33.169606860784029,0,0,0,1,0,0,0,0
1.31036,361.9646120579082,8.9884154337751525,-35.112666619467383,0,0,0,1,0,0,0,0
1.3103799999999999,361.82753021442113,7.7828310356030768,-37.054340190177548,0,0,0,1,0,0,0,0
1.3104,361.69050028604232,6.5129609306287239,-38.994550919001746,0,0,0,1,0,0,0,0
1.3104199999999999,361.55352225310997,5.178876573746849,-40.933222209707488,0,0,0,1,0,0,0,0
1.31044,361.41659609597031,3.7806519478145382,-42.870277526906825,0,0,0,1,0,0,0,0
1.31046,361.27972179497749,2.3183635607329123,-44.805640398937548,0,0,0,1,0,0,0,0
1.3104799999999999,361.14289933049236,0.79209044242905624,-46.73923442100488,0,0,0,1,0,0,0,0
1.3105,361.00612868318711,-0.79808623161989722,-48.670983258145149,0,0,0,1,0,0,0,0
1.3105199999999999,360.86940983283176,-2.4520816500459528,-50.600810648186979,0,0,0,1,0,0,0,0
1.31054,360.73274276011284,-4.1698096094301542,-52.528640404884335,0,0,0,1,0,0,0,0
1.3105599999999999,360.59612744542096,-5.951181023911249,-54.454396420784519,0,0,0,1,0,0,0,0
1.3105799999999999,360.45956386915486,-7.7961043021831493,-56.378002670354881,0,0,0,1,0,0,0,0
1.3106,360.32305201172062,-9.7044853511083851,-58.299383212931815,0,0,0,1,0,0,0,0
1.3106199999999999,360.20485612716868,-11.016063857653069,-60.218462195666653,0,0,0,1,0,0,0,0
1.31064,360.09850450962625,-12.0313622919293,-62.135163856641888,0,0,0,1,0,0,0,0
1.3106599999999999,360.03303996446294,-11.790833788223658,-64.049412527723163,0,0,0,1,0,0,0,0
1.3106799999999998,359.97372573921507,-11.314654839876169,-65.96113263766803,0,0,0,1,0,0,0,0
1.3107,359.89356527448189,-11.562345491282599,-67.870248715057187,0,0,0,1,0,0,0,0
1.3107199999999999,359.8719661912944,-9.5356020740673877,-69.776685391222301,0,0,0,1,0,0,0,0
1.31074,359.79002303593774,-9.671667219026526,-71.680367403342217,0,0,0,1,0,0,0,0
1.3107599999999999,359.74153903554156,-8.2531763766691668,-73.581219597276288,0,0,0,1,0,0,0,0
1.3107799999999998,359.66530504988276,-7.7979316358506088,-75.479166930651914,0,0,0,1,0,0,0,0
1.3108,359.57295086024288,-8.065729707180159,-77.374134475775293,0,0,0,1,0,0,0,0
1.3108199999999999,359.51538114423215,-6.2404853043390043,-79.266047422538179,0,0,0,1,0,0,0,0
1.31084,359.41562405707771,-6.6957139611866516,-81.154831081508235,0,0,0,1,0,0,0,0
1.3108599999999999,359.34419424652123,-5.2382673949640832,-83.040410886672305,0,0,0,1,0,0,0,0
1.31088,359.24349487119559,-5.5212069585805459,-84.922712398619581,0,0,0,1,0,0,0,0
1.3109,359.14319600294095,-5.8075669620377584,-86.80166130727531,0,0,0,1,0,0,0,0
1.3109199999999999,359.06028278161864,-4.6013887608680175,-88.677183434970928,0,0,0,1,0,0,0,0
1.31094,358.95244970150873,-5.313449804533958,-90.549204739321112,0,0,0,1,0,0,0,0
1.3109599999999999,358.87059655223942,-3.8157672252714741,-92.417651316096368,0,0,0,1,0,0,0,0
1.31098,358.76099230547948,-4.653831606940412,-94.282449402258891,0,0,0,1,0,0,0,0
1.3109999999999999,358.66114832466735,-4.7773864313578338,-96.143525378739554,0,0,0,1,0,0,0,0
1.3110199999999999,358.5682065228151,-4.1271242137500055,-98.000805773462417,0,0,0,1,0,0,0,0
1.31104,358.45867714947593,-5.093124993675584,-99.854217264194347,0,0,0,1,0,0,0,0
1.3110599999999999,358.37651942019892,-3.7323835883593128,-101.70368668138975,0,0,0,1,0,0,0,0
1.31108,358.26870128137006,-4.7036432155658607,-103.54914101119631,0,0,0,1,0,0,0,0
1.3110999999999999,358.175957694781,-4.5429875774162864,-105.39050739820357,0,0,0,1,0,0,0,0
1.3111199999999998,358.0822734640463,-4.3252619551534996,-107.22771314843624,0,0,0,1,0,0,0,0
1.31114,357.97579008671642,-5.4225591898436427,-109.06068573217367,0,0,0,1,0,0,0,0
1.3111599999999999,357.90067041380638,-3.9570449595794934,-110.88935278676361,0,0,0,1,0,0,0,0
1.31118,357.79636593863677,-5.0583927816339997,-112.71364211959505,0,0,0,1,0,0,0,0
1.3111999999999999,357.71407383823197,-4.5517811151339593,-114.53348171081578,0,0,0,1,0,0,0,0
1.3112199999999998,357.62208654949359,-4.7624675516747814,-116.34879971629134,0,0,0,1,0,0,0,0
1.31124,357.52349257404768,-5.7494134331287254,-118.15952447039156,0,0,0,1,0,0,0,0
1.3112599999999999,357.45498387872232,-4.4144464612257339,-119.96558448877082,0,0,0,1,0,0,0,0
1.31128,357.35648898394805,-5.5828233634739597,-121.76690847130476,0,0,0,1,0,0,0,0
1.3112999999999999,357.28743688186171,-4.668188787583647,-123.56342530477431,0,0,0,1,0,0,0,0
1.31132,357.19810007576598,-5.2432725679064545,-125.35506406580356,0,0,0,1,0,0,0,0
1.31134,357.11273396093054,-5.819183923511952,-127.14175402352951,0,0,0,1,0,0,0,0
1.3113599999999999,357.04785140118889,-4.7892547451891323,-128.92342464250825,0,0,0,1,0,0,0,0
1.31138,356.95363939270885,-6.1399399349622943,-130.70000558545041,0,0,0,1,0,0,0,0
1.3113999999999999,356.89908855210302,-4.814377542137426,-132.47142671595029,0,0,0,1,0,0,0,0
1.31142,356.81322409065746,-5.6897747556785028,-134.23761810138276,0,0,0,1,0,0,0,0
1.3114399999999999,356.74058039212201,-5.970607362178435,-135.99851001547228,0,0,0,1,0,0,0,0
1.3114599999999998,356.68035083556765,-5.2409073242865283,-137.75403294123728,0,0,0,1,0,0,0,0
1.31148,356.59233829252094,-6.650684280340589,-139.50411757370205,0,0,0,1,0,0,0,0
1.3114999999999999,356.55201724663692,-5.0295542596622331,-141.24869482244264,0,0,0,1,0,0,0,0
1.31152,356.47017318776756,-6.2004450443852122,-142.98769581458387,0,0,0,1,0,0,0,0
1.3115399999999999,356.41173515585223,-6.1230341360928771,-144.7210518973128,0,0,0,1,0,0,0,0
1.3115599999999998,356.35582859279748,-5.7478050887384837,-146.44869464071499,0,0,0,1,0,0,0,0
1.31158,356.27581142539839,-7.1528026648981822,-148.1705558404287,0,0,0,1,0,0,0,0
1.3115999999999999,356.24973040927227,-5.2318002971843311,-149.88656752029092,0,0,0,1,0,0,0,0
1.31162,356.17088986642193,-6.7524181581855709,-151.59666193512982,0,0,0,1,0,0,0,0
1.3116399999999999,356.1287783770594,-6.25322798332102,-153.30077157331516,0,0,0,1,0,0,0,0
1.31166,356.07618431253212,-6.2269076984449043,-154.99882915954709,0,0,0,1,0,0,0,0
1.31168,356.01127439744687,-7.2664153528101805,-156.69076765738899,0,0,0,1,0,0,0,0
1.3116999999999999,355.98955779939314,-5.6932811016422367,-158.37652027202139,0,0,0,1,0,0,0,0
1.31172,355.91728609464485,-7.3208314881519181,-160.05602045283271,0,0,0,1,0,0,0,0
1.3117399999999999,355.89202997018504,-6.454507239118124,-161.7292018960012,0,0,0,1,0,0,0,0
1.31176,355.84370551183986,-6.771249715606305,-163.39599854721868,0,0,0,1,0,0,0,0
1.3117799999999999,355.79608515323002,-7.3811932644806646,-165.05634460417721,0,0,0,1,0,0,0,0
1.3117999999999999,355.77886468566766,-6.1497196874176527,-166.71017451927256,0,0,0,1,0,0,0,0
1.31182,355.71389167808513,-7.8194097994532319,-168.35742300214636,0,0,0,1,0,0,0,0
1.3118399999999999,355.70530022318707,-6.5806077442661799,-169.99802502221922,0,0,0,1,0,0,0,0
1.31186,355.66038241429396,-7.2342996810167834,-171.63191581136223,0,0,0,1,0,0,0,0
1.3118799999999999,355.62821253939649,-7.5279505864931284,-173.25903086633519,0,0,0,1,0,0,0,0
1.3118999999999998,355.61519005993296,-6.6317041995527628,-174.87930595143658,0,0,0,1,0,0,0,0
1.31192,355.55700036049575,-8.396994550426097,-176.49267710099497,0,0,0,1,0,0,0,0
1.3119399999999999,355.56646011310897,-6.7798512218697402,-178.09908062185067,0,0,0,1,0,0,0,0
1.31196,355.5250320687955,-7.7641160247611651,-179.69845309598688,0,0,0,1,0,0,0,0
1.3119799999999999,355.51057366654879,-7.6763106001600852,-181.29073138284454,0,0,0,1,0,0,0,0
1.3119999999999998,355.50180683827136,-7.1085734683571928,-182.87585262206119,0,0,0,1,0,0,0,0
1.31202,355.4599187412968,-8.5486492340117408,-184.45375423577843,0,0,0,1,0,0,0,0
1.3120399999999999,355.47896772851811,-6.9613099599855319,-186.02437393108531,0,0,0,1,0,0,0,0
1.31206,355.44085707503382,-8.2695132121163013,-187.58764970264832,0,0,0,1,0,0,0,0
1.3120799999999999,355.4446129780838,-7.7938123533536734,-189.14351983498847,0,0,0,1,0,0,0,0
1.3121,355.43860541639697,-7.6068379097605936,-190.69192290504515,0,0,0,1,0,0,0,0
1.31212,355.41446851460813,-8.6560314301364105,-192.23279778448838,0,0,0,1,0,0,0,0
1.3121399999999999,355.441838976854,-7.1506078358740783,-193.76608364223046,0,0,0,1,0,0,0,0
1.31216,355.40614411366158,-8.835108100190121,-195.29171994678484,0,0,0,1,0,0,0,0
1.3121799999999999,355.42836805794025,-8.0237659069699916,-196.80964646861489,0,0,0,1,0,0,0,0
1.3122,355.42739372615148,-8.1511073515265373,-198.31980328260821,0,0,0,1,0,0,0,0
1.3122199999999999,355.42252591800195,-8.8024341565049031,-199.82213077033211,0,0,0,1,0,0,0,0
1.3122399999999999,355.45935516481143,-7.3713828254645595,-201.31656962248363,0,0,0,1,0,0,0,0
1.31226,355.42690082945165,-9.3658009039288874,-202.80306084118908,0,0,0,1,0,0,0,0
1.3122799999999999,355.46881967650506,-8.1519908828325978,-204.28154574229356,0,0,0,1,0,0,0,0
1.3123,355.4700834640982,-8.6453870354425408,-205.75196595777149,0,0,0,1,0,0,0,0
1.3123199999999999,355.48342955105875,-8.9505476438266189,-207.21426343792396,0,0,0,1,0,0,0,0
1.3123399999999998,355.52364963308446,-7.8822316121873239,-208.66838045376355,0,0,0,1,0,0,0,0
1.31236,355.50493004031676,-9.7053286278244766,-210.11425959925347,0,0,0,1,0,0,0,0
1.3123799999999999,355.5612966792001,-8.3179105287205051,-211.55184379353463,0,0,0,1,0,0,0,0
1.3124,355.56590803486745,-9.110474087208944,-212.98107628327054,0,0,0,1,0,0,0,0
1.3124199999999999,355.59767704428106,-9.0614427522870358,-214.40190064478389,0,0,0,1,0,0,0,0
1.3124400000000001,355.64163956750889,-8.2886325684014093,-215.81426078638742,0,0,0,1,0,0,0,0
1.31246,355.64042915567342,-9.7547768891770783,-217.2181009504956,0,0,0,1,0,0,0,0
1.3124799999999999,355.70365579920144,-8.4816551451806053,-218.61336571591528,0,0,0,1,0,0,0,0
1.3125,355.70960211467019,-9.6841089805339688,-219.99999999999508,0,0,0,1,0,0,0,0
1.3125199999999999,355.76228393205923,-9.2131396160533825,-221.37794906076275,0,0,0,1,0,0,0,0
1.31254,355.80892777314961,-8.7869557840159231,-222.74715849918599,0,0,0,1,0,0,0,0
1.3125599999999999,355.82581510545253,-9.946987544966623,-224.1075742611589,0,0,0,1,0,0,0,0
1.3125799999999999,355.89989064462213,-8.7203300056069075,-225.45914263984599,0,0,0,1,0,0,0,0
1.3126,355.91042618835377,-10.14676253729545,-226.80181027765386,0,0,0,1,0,0,0,0
1.3126199999999999,355.98094269438019,-9.3633419680226506,-228.13552416831453,0,0,0,1,0,0,0,0
1.31264,356.02933470136639,-9.334746344112764,-229.46023165912368,0,0,0,1,0,0,0,0
1.3126599999999999,356.06756191381237,-10.061091883849487,-230.77588045287379,0,0,0,1,0,0,0,0
1.3126799999999998,356.15038351795539,-8.8719318009125523,-232.08241861001531,0,0,0,1,0,0,0,0
1.3127,356.16126777606837,-10.692043929088722,-233.37979455067062,0,0,0,1,0,0,0,0
1.3127199999999999,356.25169243030484,-9.5867788391819317,-234.66795705663557,0,0,0,1,0,0,0,0
1.31274,356.30542833433037,-9.7692325951519923,-235.94685527348344,0,0,0,1,0,0,0,0
1.3127599999999999,356.36240037588539,-10.111701071676476,-237.21643871247932,0,0,0,1,0,0,0,0
1.3127799999999998,356.45184883510831,-9.0102449643593765,-238.47665725265446,0,0,0,1,0,0,0,0
1.3128,356.47399781360804,-10.800057437628672,-239.72746114275012,0,0,0,1,0,0,0,0
1.3128199999999999,356.57373096710813,-9.7194771527863786,-240.96880100314769,0,0,0,1,0,0,0,0
1.31284,356.62801290114226,-10.282442717700219,-242.20062782789753,0,0,0,1,0,0,0,0
1.3128599999999999,356.70441721106317,-10.290648185590337,-243.42289298656351,0,0,0,1,0,0,0,0
1.31288,356.80053748736583,-9.3865166120077852,-244.63554822623217,0,0,0,1,0,0,0,0
1.3129,356.83995201004882,-10.958453533406283,-245.83854567332904,0,0,0,1,0,0,0,0
1.3129199999999999,356.94975782906158,-9.8929295319105428,-247.0318378355858,0,0,0,1,0,0,0,0
1.31294,357.0049022747761,-10.82766221992564,-248.21537760388185,0,0,0,1,0,0,0,0
1.3129599999999999,357.10173642718036,-10.491295883706478,-249.38911825407223,0,0,0,1,0,0,0,0
1.31298,357.20242227709832,-9.8345682912451391,-250.55301344890702,0,0,0,1,0,0,0,0
1.3129999999999999,357.2619672072293,-11.000076602242618,-251.70701723977589,0,0,0,1,0,0,0,0
1.3130199999999999,357.37818079389848,-9.9992398842260322,-252.85108406859564,0,0,0,1,0,0,0,0
1.31304,357.43249707647482,-11.296943591583355,-253.98516876957706,0,0,0,1,0,0,0,0
1.3130599999999999,357.54831960120157,-10.605385713314741,-255.10922657097748,0,0,0,1,0,0,0,0
1.31308,357.64915497349199,-10.305959771274965,-256.22321309693996,0,0,0,1,0,0,0,0
1.3130999999999999,357.72786466815052,-11.114021413830862,-257.32708436916374,0,0,0,1,0,0,0,0
1.3131199999999998,357.85206781093996,-10.168090860773807,-258.42079680871126,0,0,0,1,0,0,0,0
1.31314,357.91157017949121,-11.641055142381903,-259.50430723770762,0,0,0,1,0,0,0,0
1.3131599999999999,358.04344420880375,-10.702580746738702,-260.57757288096758,0,0,0,1,0,0,0,0
1.31318,358.14360397594487,-10.751326259188938,-261.64055136785936,0,0,0,1,0,0,0,0
1.3131999999999999,358.23961372819093,-11.25071889057493,-262.69320073376434,0,0,0,1,0,0,0,0
1.3132199999999998,358.37221434687513,-10.349651077942664,-263.7354794219072,0,0,0,1,0,0,0,0
1.31324,358.4439925818989,-11.749545425912505,-264.76734628491931,0,0,0,1,0,0,0,0
1.3132599999999999,358.5838821893891,-10.851799095260894,-265.78876058644516,0,0,0,1,0,0,0,0
1.31328,358.6840591559332,-11.23953140573021,-266.79968200281547,0,0,0,1,0,0,0,0
1.3132999999999999,358.79985458207653,-11.359371489496928,-267.80007062456536,0,0,0,1,0,0,0,0
1.31332,358.93908355358633,-10.552658434656934,-268.78988695808329,0,0,0,1,0,0,0,0
1.31334,359.02484562343727,-11.809261021481975,-269.76909192709712,0,0,0,1,0,0,0,0
1.3133599999999999,359.17136817635787,-10.941845950178653,-270.73764687428041,0,0,0,1,0,0,0,0
1.31338,359.26985280818957,-11.659276858289198,-271.69551356275093,0,0,0,1,0,0,0,0
1.3133999999999999,359.40391118667242,-11.387966680881508,-272.64265417755462,0,0,0,1,0,0,0,0
1.31342,359.54852719430676,-10.605519424308508,-273.57903132721884,0,0,0,1,0,0,0,0
1.3134399999999999,359.63995001528184,-11.947808817291705,-274.50460804516018,0,0,0,1,0,0,0,0
1.3134599999999998,359.79489558353959,-11.100459679581759,-275.41934779120322,0,0,0,1,0,0,0,0
1.31348,359.89207331487404,-12.198380834481007,-276.32321445299704,0,0,0,1,0,0,0,0
1.3134999999999999,360.04724365560315,-11.524132132157382,-277.21617234741734,0,0,0,1,0,0,0,0
1.31352,360.19153790119577,-11.055498843276697,-278.09818622203142,0,0,0,1,0,0,0,0
1.3135399999999999,360.30225776680248,-11.993139589460137,-278.96922125642595,0,0,0,1,0,0,0,0
1.3135599999999998,360.46113170944369,-11.275230411771719,-279.82924306363714,0,0,0,1,0,0,0,0
1.31358,360.56605947198727,-12.444097002927082,-280.67821769148429,0,0,0,1,0,0,0,0
1.3135999999999999,360.73321468283342,-11.655039247075916,-281.51611162388747,0,0,0,1,0,0,0,0
1.31362,360.87659072260004,-11.490602920938455,-282.34289178224401,0,0,0,1,0,0,0,0
1.3136399999999999,361.00623644161942,-12.011442013735349,-283.158525526674,0,0,0,1,0,0,0,0
1.31366,361.17010689649868,-11.292274896150021,-283.96298065736863,0,0,0,1,0,0,0,0
1.31368,361.28045494086086,-12.461527681157445,-284.75622541580213,0,0,0,1,0,0,0,0
1.3136999999999999,361.45053149337809,-11.787333338531791,-285.5382284860371,0,0,0,1,0,0,0,0
1.31372,361.59100661618686,-12.0381890758638,-286.30895899594509,0,0,0,1,0,0,0,0
1.3137399999999999,361.74163689060305,-12.190300406211685,-287.06838651837057,0,0,0,1,0,0,0,0
1.31376,361.91438218848504,-11.459114304481824,-287.81648107245661,0,0,0,1,0,0,0,0
1.3137799999999999,362.03641888860778,-12.497407948262717,-288.55321312467714,0,0,0,1,0,0,0,0
1.3137999999999999,362.21205290649272,-11.80681396140559,-289.2785535901258,0,0,0,1,0,0,0,0
1.31382,362.34643996111186,-12.403316196656768,-289.99247383360944,0,0,0,1,0,0,0,0
1.3138399999999999,362.51144220809539,-12.234691670769495,-290.6949456707664,0,0,0,1,0,0,0,0
1.31386,362.68764063897004,-11.60146572806765,-291.38594136922399,0,0,0,1,0,0,0,0
1.3138799999999999,362.81812619892082,-12.618524933938488,-292.06543364964278,0,0,0,1,0,0,0,0
1.3138999999999998,363.00008153054398,-11.961226908356872,-292.7333956868373,0,0,0,1,0,0,0,0
1.31392,363.1318837870395,-12.89417002065321,-293.38980111081594,0,0,0,1,0,0,0,0
1.3139399999999999,363.3166200801914,-12.332037862703963,-294.03462400780461,0,0,0,1,0,0,0,0
1.31396,363.49916054914485,-11.665036643582864,-294.66783892131122,0,0,0,1,0,0,0,0
1.3139799999999999,363.63658225905715,-12.649842578257905,-295.28942085308358,0,0,0,1,0,0,0,0
1.3139999999999998,363.82253817759783,-12.014938683549605,-295.89934526413731,0,0,0,1,0,0,0,0
1.31402,363.95746493766103,-13.03240546210626,-296.49758807570623,0,0,0,1,0,0,0,0
1.3140399999999999,364.14967432204497,-12.367291823474726,-297.0841256701778,0,0,0,1,0,0,0,0
1.31406,364.32688122978431,-12.019725543032413,-297.65893489206263,0,0,0,1,0,0,0,0
1.3140799999999999,364.4792150510018,-12.657905116180848,-298.22199304886647,0,0,0,1,0,0,0,0
1.3141,364.66815462739231,-12.034707650733644,-298.77327791202765,0,0,0,1,0,0,0,0
1.31412,364.80874958971333,-13.004842639489189,-299.31276771775373,0,0,0,1,0,0,0,0
1.3141399999999999,365.00194916193698,-12.407909062198708,-299.84044116791586,0,0,0,1,0,0,0,0
1.31416,365.17111571327354,-12.492259431974956,-300.35627743087451,0,0,0,1,0,0,0,0
1.3141799999999999,365.34124083985171,-12.771578015127359,-300.86025614228794,0,0,0,1,0,0,0,0
1.3142,365.53594338569877,-12.149375362890334,-301.35235740594857,0,0,0,1,0,0,0,0
1.3142199999999999,365.6844843246642,-13.061185895660184,-301.8325617945323,0,0,0,1,0,0,0,0
1.3142399999999999,365.88207753588046,-12.460870029580342,-302.30085035039662,0,0,0,1,0,0,0,0
1.31426,366.04407821188835,-12.907238471793502,-302.75720458631525,0,0,0,1,0,0,0,0
1.3142799999999999,366.23086516963031,-12.75402268989192,-303.20160648619606,0,0,0,1,0,0,0,0
1.3143,366.42744302286422,-12.12186988389092,-303.63403850582495,0,0,0,1,0,0,0,0
1.3143199999999999,366.57953673745033,-13.025380570730855,-304.05448357351054,0,0,0,1,0,0,0,0
1.3143399999999998,366.7786716751263,-12.41092638950424,-304.46292509080575,0,0,0,1,0,0,0,0
1.31436,366.93170052711645,-13.210444550539142,-304.85934693315335,0,0,0,1,0,0,0,0
1.3143799999999999,367.13026681280871,-12.734332901013515,-305.24373345047962,0,0,0,1,0,0,0,0
1.3144,367.32766054452139,-12.142868283028266,-305.61606946787361,0,0,0,1,0,0,0,0
1.3144199999999999,367.48313493944573,-13.027549769359375,-305.97634028614033,0,0,0,1,0,0,0,0
1.3144399999999998,367.68358333575742,-12.449645229979838,-306.32453168240801,0,0,0,1,0,0,0,0
1.31446,367.83650371032013,-13.348406874059776,-306.66062991067952,0,0,0,1,0,0,0,0
1.3144799999999999,368.0406987929511,-12.782403723361062,-306.98462170236633,0,0,0,1,0,0,0,0
1.3145,368.2368746471206,-12.343932982572204,-307.29649426683301,0,0,0,1,0,0,0,0
1.3145199999999999,368.40014658832052,-13.137752004885185,-307.59623529187911,0,0,0,1,0,0,0,0
1.31454,368.6046563960744,-12.585886389947383,-307.88383294424773,0,0,0,1,0,0,0,0
1.31456,368.76290296429602,-13.512233852503066,-308.1592758700707,0,0,0,1,0,0,0,0
1.3145799999999999,368.97393367999143,-12.906455277597672,-308.42255319533558,0,0,0,1,0,0,0,0
1.3146,369.16410452078105,-12.795315818088998,-308.67365452630662,0,0,0,1,0,0,0,0
1.3146199999999999,369.34491204217909,-13.117781279516901,-308.91256994992864,0,0,0,1,0,0,0,0
1.31464,369.54986618393832,-12.581073749654237,-309.13929003423431,0,0,0,1,0,0,0,0
1.3146599999999999,369.71279407431672,-13.401117475265556,-309.35380582869857,0,0,0,1,0,0,0,0
1.3146799999999998,369.92170023345847,-12.80617149039241,-309.55610886460738,0,0,0,1,0,0,0,0
1.3147,370.09895847505965,-13.075123885656046,-309.74619115538491,0,0,0,1,0,0,0,0
1.3147199999999999,370.29019263174769,-13.098518403120083,-309.92404519690439,0,0,0,1,0,0,0,0
1.31474,370.4965456237237,-12.505056435300006,-310.08966396779607,0,0,0,1,0,0,0,0
1.3147599999999999,370.65958134190959,-13.331493425958516,-310.24304092971136,0,0,0,1,0,0,0,0
1.3147799999999998,370.86604698663058,-12.799067795330766,-310.38417002759201,0,0,0,1,0,0,0,0
1.3148,371.03261439787053,-13.439862639780017,-310.51304568990395,0,0,0,1,0,0,0,0
1.3148199999999999,371.2372158786975,-13.028727748274958,-310.62966282885452,0,0,0,1,0,0,0,0
1.31484,371.44236042038403,-12.429858555236034,-310.7340168406007,0,0,0,1,0,0,0,0
1.3148599999999999,371.6047387561548,-13.314420774938062,-310.82610360542304,0,0,0,1,0,0,0,0
1.31488,371.81265066194624,-12.710745728902255,-310.90591948789591,0,0,0,1,0,0,0,0
1.3149,371.97176028937162,-13.591083048239685,-310.97346133702223,0,0,0,1,0,0,0,0
1.3149199999999999,372.18217070765996,-12.980964435683697,-311.02872648636639,0,0,0,1,0,0,0,0
1.31494,372.38561362825442,-12.428566075779365,-311.07171275415675,0,0,0,1,0,0,0,0
1.3149599999999999,372.54855320268655,-13.299311339033659,-311.10241844336684,0,0,0,1,0,0,0,0
1.31498,372.75652732238666,-12.675993452000393,-311.12084234178968,0,0,0,1,0,0,0,0
1.3149999999999999,372.91449401134179,-13.600557261108056,-311.12698372208092,0,0,0,1,0,0,0,0
1.3150199999999999,373.12557008212599,-12.966728958999457,-311.12084234178963,0,0,0,1,0,0,0,0
1.31504,373.31778059869458,-12.761910918708951,-311.10241844336684,0,0,0,1,0,0,0,0
1.3150599999999999,373.49378595293007,-13.235412000564263,-311.07171275415669,0,0,0,1,0,0,0,0
1.31508,373.69923838227595,-12.644462524271985,-311.02872648636679,0,0,0,1,0,0,0,0
1.3150999999999999,373.85806729691126,-13.541072925189997,-310.97346133702212,0,0,0,1,0,0,0,0
1.3151199999999998,374.06644004194709,-12.935632621343007,-310.90591948789586,0,0,0,1,0,0,0,0
1.31514,374.24688982597769,-13.07011309228986,-310.82610360542367,0,0,0,1,0,0,0,0
1.3151599999999999,374.43239910871495,-13.196742907295226,-310.7340168406015,0,0,0,1,0,0,0,0
1.31518,374.63706626785034,-12.566004628773735,-310.62966282885537,0,0,0,1,0,0,0,0
1.3151999999999999,374.79555957657004,-13.424571222542045,-310.51304568990491,0,0,0,1,0,0,0,0
1.3152199999999998,375.00102472746363,-12.775323881001547,-310.38417002759428,0,0,0,1,0,0,0,0
1.31524,375.16656520047451,-13.240962933419848,-310.24304092971249,0,0,0,1,0,0,0,0
1.3152599999999999,375.35949910186014,-12.946723476146332,-310.08966396779732,0,0,0,1,0,0,0,0
1.31528,375.55680230555379,-12.328979753713705,-309.92404519690581,0,0,0,1,0,0,0,0
1.3152999999999999,375.70909460710726,-13.264999260842194,-309.74619115538638,0,0,0,1,0,0,0,0
1.31532,375.90932361350548,-12.625088040558376,-309.55610886460892,0,0,0,1,0,0,0,0
1.31534,376.05780517777237,-13.539509137391576,-309.35380582870022,0,0,0,1,0,0,0,0
1.3153599999999999,376.25979171721667,-12.875823200817305,-309.13929003423601,0,0,0,1,0,0,0,0
1.31538,376.45525407933616,-12.199160371669029,-308.91256994993051,0,0,0,1,0,0,0,0
1.3153999999999999,376.60355402924785,-13.20353641690625,-308.67365452630855,0,0,0,1,0,0,0,0
1.31542,376.80095571747472,-12.563590080349348,-308.4225531953353,0,0,0,1,0,0,0,0
1.3154399999999999,376.94647820527615,-13.542569894018955,-308.1592758700728,0,0,0,1,0,0,0,0
1.3154599999999999,377.14706602791659,-12.874987779048061,-307.88383294424995,0,0,0,1,0,0,0,0
1.31548,377.3322486676422,-12.506808444084735,-307.59623529187883,0,0,0,1,0,0,0,0
1.3154999999999999,377.49097312263575,-13.130095939645805,-307.29649426683545,0,0,0,1,0,0,0,0
1.31552,377.6863579314707,-12.417539784357345,-306.98462170236593,0,0,0,1,0,0,0,0
1.3155399999999999,377.82818672454653,-13.388760465994675,-306.66062991067918,0,0,0,1,0,0,0,0
1.3155599999999998,378.02343220785821,-12.70771338742291,-306.32453168241074,0,0,0,1,0,0,0,0
1.31558,378.1906792100408,-12.766043948736307,-305.97634028613993,0,0,0,1,0,0,0,0
1.3155999999999999,378.35745009583366,-12.997172071259847,-305.61606946787327,0,0,0,1,0,0,0,0
1.31562,378.5482488007471,-12.265608837919547,-305.24373345047917,0,0,0,1,0,0,0,0
1.3156399999999999,378.68737444712775,-13.219844205973361,-304.85934693315289,0,0,0,1,0,0,0,0
1.3156599999999998,378.8780159970454,-12.453065061008228,-304.46292509081258,0,0,0,1,0,0,0,0
1.31568,379.02722752934852,-12.867585207614587,-304.05448357351008,0,0,0,1,0,0,0,0
1.3156999999999999,379.19729441793305,-12.758892182377036,-303.63403850582449,0,0,0,1,0,0,0,0
1.31572,379.37977057598357,-12.06258271952268,-303.20160648619958,0,0,0,1,0,0,0,0
1.3157399999999999,379.51147989996457,-13.117302893315566,-302.75720458631884,0,0,0,1,0,0,0,0
1.31576,379.6968484179738,-12.382285297610506,-302.30085035040031,0,0,0,1,0,0,0,0
1.3157799999999999,379.83101966013413,-13.209052946157486,-301.8325617945361,0,0,0,1,0,0,0,0
1.3157999999999999,380.01080412448414,-12.686923334766282,-301.35235740595243,0,0,0,1,0,0,0,0
1.31582,380.19110239583426,-11.890420057654934,-300.86025614229186,0,0,0,1,0,0,0,0
1.3158399999999999,380.31984492938767,-12.910207856968654,-300.35627743087861,0,0,0,1,0,0,0,0
1.31586,380.49952795134334,-12.071233763082276,-299.84044116792006,0,0,0,1,0,0,0,0
1.3158799999999999,380.61660263589698,-13.239519482645074,-299.31276771775794,0,0,0,1,0,0,0,0
1.3158999999999998,380.79580639148429,-12.483674732225113,-298.77327791203197,0,0,0,1,0,0,0,0
1.31592,380.95818313297542,-12.085741128541491,-298.2219930488709,0,0,0,1,0,0,0,0
1.3159399999999999,381.09060599231549,-12.871413761943844,-297.65893489206712,0,0,0,1,0,0,0,0
1.31596,381.26680764473559,-12.046668464931491,-297.0841256701824,0,0,0,1,0,0,0,0
1.3159799999999999,381.38299651890179,-13.167900285137604,-296.49758807571095,0,0,0,1,0,0,0,0
1.3159999999999998,381.56003830425334,-12.295703559793527,-295.8993452641476,0,0,0,1,0,0,0,0
1.31602,381.70691505700773,-12.161917431085826,-295.28942085308847,0,0,0,1,0,0,0,0
1.3160399999999999,381.84295813495874,-12.512788959952099,-294.66783892131622,0,0,0,1,0,0,0,0
1.31606,382.00870353406839,-11.629992455140146,-294.03462400780393,0,0,0,1,0,0,0,0
1.3160799999999999,382.11266316714529,-12.886378676297452,-293.38980111081526,0,0,0,1,0,0,0,0
1.3161,382.27970623324609,-12.016601641112928,-292.73339568683662,0,0,0,1,0,0,0,0
1.31612,382.40606491539319,-12.331061044637773,-292.06543364964205,0,0,0,1,0,0,0,0
1.3161399999999999,382.54673755243408,-12.301152290937818,-291.38594136922325,0,0,0,1,0,0,0,0
1.31616,382.70559398633048,-11.352162501172806,-290.69494567076561,0,0,0,1,0,0,0,0
1.3161799999999999,382.8032573253202,-12.608385150938116,-289.99247383360864,0,0,0,1,0,0,0,0
1.3162,382.96062578264315,-11.732942483846809,-289.278553590125,0,0,0,1,0,0,0,0
1.3162199999999999,383.06705326085432,-12.489055475303454,-288.55321312467629,0,0,0,1,0,0,0,0
1.3162399999999999,383.21068555442844,-12.132690130808156,-287.81648107245582,0,0,0,1,0,0,0,0
1.31626,383.36310436058682,-11.173127694100145,-287.0683865183766,0,0,0,1,0,0,0,0
1.3162799999999999,383.45465575225762,-12.484809197264841,-286.30895899594424,0,0,0,1,0,0,0,0
1.3163,383.60756153032514,-11.531713743059866,-285.53822848604324,0,0,0,1,0,0,0,0
1.3163199999999999,383.69729821630699,-12.658763596469957,-284.75622541580839,0,0,0,1,0,0,0,0
1.3163399999999998,383.84592445574094,-11.838696910567764,-283.962980657375,0,0,0,1,0,0,0,0
1.31636,383.97735914182869,-11.308228248211019,-283.15852552668048,0,0,0,1,0,0,0,0
1.3163799999999999,384.07308308136868,-12.219444062145966,-282.34289178225055,0,0,0,1,0,0,0,0
1.3164,384.21777019835793,-11.180457964248614,-281.51611162389406,0,0,0,1,0,0,0,0
1.3164199999999999,384.2914209751815,-12.607548833066483,-280.678217691491,0,0,0,1,0,0,0,0
1.3164399999999998,384.43697282690425,-11.570679395981049,-279.82924306365163,0,0,0,1,0,0,0,0
1.31646,384.54966146488943,-11.398845953365235,-278.96922125643283,0,0,0,1,0,0,0,0
1.3164799999999999,384.64710827243675,-11.964538368012198,-278.09818622203841,0,0,0,1,0,0,0,0
1.3165,384.78314217107857,-10.895901576764915,-277.21617234742439,0,0,0,1,0,0,0,0
1.3165199999999999,384.84831296008957,-12.423685087265911,-276.3232144530042,0,0,0,1,0,0,0,0
1.31654,384.98660703371291,-11.354098114183826,-275.41934779121044,0,0,0,1,0,0,0,0
1.31656,385.08141012087088,-11.598375091136202,-274.50460804516752,0,0,0,1,0,0,0,0
1.3165799999999999,385.18480743720454,-11.681349148653531,-273.57903132722623,0,0,0,1,0,0,0,0
1.3166,385.31263143219456,-10.511075419184174,-272.64265417756212,0,0,0,1,0,0,0,0
1.3166199999999999,385.36802070671911,-12.131918839265269,-271.69551356275849,0,0,0,1,0,0,0,0
1.31664,385.49664088107897,-11.021928053097296,-270.73764687427933,0,0,0,1,0,0,0,0
1.3166599999999999,385.57181591160327,-11.675788807542324,-269.76909192709604,0,0,0,1,0,0,0,0
1.3166799999999999,385.67635598820436,-11.395713994455557,-268.78988695809107,0,0,0,1,0,0,0,0
1.3167,385.7920234237929,-10.309069070638504,-267.80007062456434,0,0,0,1,0,0,0,0
1.3167199999999999,385.8426405139154,-11.822723118783875,-266.79968200281434,0,0,0,1,0,0,0,0
1.31674,385.9614037651358,-10.664927625236961,-265.78876058644403,0,0,0,1,0,0,0,0
1.3167599999999999,386.01733856739247,-11.721904454112069,-264.76734628491818,0,0,0,1,0,0,0,0
1.3167799999999998,386.122210309232,-11.070542369900144,-263.73547942191544,0,0,0,1,0,0,0,0
1.3168,386.2176741629313,-10.382287687791747,-262.69320073376315,0,0,0,1,0,0,0,0
1.3168199999999999,386.27070396851479,-11.459239882383027,-261.64055136785822,0,0,0,1,0,0,0,0
1.31684,386.37857523074888,-10.246406915644007,-260.57757288097605,0,0,0,1,0,0,0,0
1.3168599999999999,386.41512574812333,-11.700047719686079,-259.50430723770648,0,0,0,1,0,0,0,0
1.3168800000000001,386.51864635536054,-10.669477859022605,-258.4207968087199,0,0,0,1,0,0,0,0
1.3169,386.59171307315756,-10.437840625201984,-257.3270843691725,0,0,0,1,0,0,0,0
1.3169199999999999,386.64599476452389,-11.134388551696468,-256.22321309694877,0,0,0,1,0,0,0,0
1.31694,386.7441217725351,-9.859531555964903,-255.10922657098638,0,0,0,1,0,0,0,0
1.3169599999999999,386.76460107307855,-11.638943216782016,-253.98516876958604,0,0,0,1,0,0,0,0
1.31698,386.86539318926992,-10.285957891181491,-252.85108406860468,0,0,0,1,0,0,0,0
1.3169999999999999,386.91844132827862,-10.504788731433583,-251.70701723978502,0,0,0,1,0,0,0,0
1.3170199999999999,386.97404849794395,-10.813092559796637,-250.55301344891626,0,0,0,1,0,0,0,0
1.31704,387.06273241225455,-9.4692263497794862,-249.38911825408152,0,0,0,1,0,0,0,0
1.3170599999999999,387.07485355603649,-11.309771458918023,-248.21537760389126,0,0,0,1,0,0,0,0
1.31708,387.16490635082351,-9.9494758508001411,-247.03183783559527,0,0,0,1,0,0,0,0
1.3170999999999999,387.20032173841281,-10.54798429596142,-245.83854567333859,0,0,0,1,0,0,0,0
1.3171199999999998,387.2566612625173,-10.460419535392296,-244.63554822624175,0,0,0,1,0,0,0,0
1.31714,387.32850991254077,-9.3633685279016188,-243.4228929865732,0,0,0,1,0,0,0,0
1.3171599999999999,387.33913370890707,-10.935326333816116,-242.20062782790731,0,0,0,1,0,0,0,0
1.31718,387.41854617661153,-9.4964551890375368,-240.96880100314635,0,0,0,1,0,0,0,0
1.3171999999999999,387.43524897774739,-10.468277353144504,-239.72746114276003,0,0,0,1,0,0,0,0
1.3172199999999998,387.48932714956914,-10.042128679039637,-238.47665725267581,0,0,0,1,0,0,0,0
1.31724,387.53975210647553,-9.3793868063744554,-237.21643871247792,0,0,0,1,0,0,0,0
1.3172599999999999,387.55026461817602,-10.610992412230397,-235.94685527348204,0,0,0,1,0,0,0,0
1.31728,387.62038866353589,-9.0870365014462351,-234.66795705663418,0,0,0,1,0,0,0,0
1.3172999999999999,387.62018449425653,-10.425853010955636,-233.3797945506692,0,0,0,1,0,0,0,0
1.31732,387.67296844417177,-9.5895859450973404,-232.08241861001386,0,0,0,1,0,0,0,0
1.31734,387.70335426568573,-9.355089228515773,-230.77588045287237,0,0,0,1,0,0,0,0
1.3173599999999999,387.71418830600032,-10.174658493483292,-229.46023165912223,0,0,0,1,0,0,0,0
1.31738,387.77280277356857,-8.5591782801267176,-228.13552416831308,0,0,0,1,0,0,0,0
1.3173999999999999,387.75301758567133,-10.387886931101113,-226.80181027765241,0,0,0,1,0,0,0,0
1.31742,387.80361448058648,-9.1994627583369013,-225.45914263985671,0,0,0,1,0,0,0,0
1.3174399999999999,387.81671870603907,-9.3225316631326542,-224.10757426116967,0,0,0,1,0,0,0,0
1.3174599999999999,387.82750895340286,-9.7232450335943241,-222.74715849918454,0,0,0,1,0,0,0,0
1.31748,387.87090322565825,-8.2685466853669531,-221.37794906077366,0,0,0,1,0,0,0,0
1.3174999999999999,387.83830675312811,-10.386948066370062,-220.00000000000611,0,0,0,1,0,0,0,0
1.31752,387.8881160112507,-8.7752748064571922,-218.61336571592634,0,0,0,1,0,0,0,0
1.3175399999999999,387.88438180692123,-9.2497014983960533,-217.21810095050674,0,0,0,1,0,0,0,0
1.3175599999999998,387.89206198054512,-9.3542333904910624,-215.81426078639865,0,0,0,1,0,0,0,0
1.31758,387.91788925507132,-8.2481742148604713,-214.40190064479515,0,0,0,1,0,0,0,0
1.3175999999999999,387.88513249014864,-10.003461237904263,-212.98107628328185,0,0,0,1,0,0,0,0
1.31762,387.92521585310232,-8.2208498909046011,-211.55184379354603,0,0,0,1,0,0,0,0
1.3176399999999999,387.90190010699973,-9.1697738796927624,-210.11425959926495,0,0,0,1,0,0,0,0
1.3176599999999998,387.90800655459168,-8.9072723009945367,-208.66838045378822,0,0,0,1,0,0,0,0
1.31768,387.91583003470708,-8.1439336269908384,-207.21426343793553,0,0,0,1,0,0,0,0
1.3176999999999999,387.88315427043011,-9.4651321994139987,-205.75196595778317,0,0,0,1,0,0,0,0
1.31772,387.90906300535875,-7.6996982457674434,-204.28154574230527,0,0,0,1,0,0,0,0
1.3177399999999999,387.86959209444916,-9.0523853837519841,-202.80306084120087,0,0,0,1,0,0,0,0
1.31776,387.87366676641619,-8.3522715285579334,-201.31656962248198,0,0,0,1,0,0,0,0
1.31778,387.86175653877643,-7.9904232374977786,-199.82213077034407,0,0,0,1,0,0,0,0
1.3177999999999999,387.82535397085798,-9.0654078556843753,-198.31980328262014,0,0,0,1,0,0,0,0
1.31782,387.84165050852516,-7.1822858304533543,-196.80964646861327,0,0,0,1,0,0,0,0
1.3178399999999999,387.78774252370107,-8.8679737722030705,-195.29171994678316,0,0,0,1,0,0,0,0
1.31786,387.78668760995976,-7.8538708136560933,-193.76608364222878,0,0,0,1,0,0,0,0
1.3178799999999999,387.75742647952103,-7.9522461526367429,-192.23279778448671,0,0,0,1,0,0,0,0
1.3178999999999998,387.7216057355966,-8.5813273531436032,-190.69192290504344,0,0,0,1,0,0,0,0
1.31792,387.72179528362608,-6.8980393569481198,-189.14351983498673,0,0,0,1,0,0,0,0
1.3179399999999999,387.65712338520228,-8.7167626892187737,-187.58764970264662,0,0,0,1,0,0,0,0
1.31796,387.65275497559338,-7.3186412399004999,-186.02437393108363,0,0,0,1,0,0,0,0
1.3179799999999999,387.60799077776142,-7.7420483670833162,-184.4537542357767,0,0,0,1,0,0,0,0
1.3179999999999998,387.56820979215274,-8.0489401592545544,-182.87585262208805,0,0,0,1,0,0,0,0
1.31802,387.54860917926482,-6.8828755393337655,-181.29073138285716,0,0,0,1,0,0,0,0
1.3180399999999999,387.47895091912977,-8.5703896630869529,-179.69845309598512,0,0,0,1,0,0,0,0
1.31806,387.47128121504988,-6.7185694109464436,-178.09908062186344,0,0,0,1,0,0,0,0
1.3180799999999999,387.40963662590309,-7.6548308836039718,-176.49267710100776,0,0,0,1,0,0,0,0
1.3181,387.36890557461243,-7.5696997586676984,-174.87930595144942,0,0,0,1,0,0,0,0
1.31812,387.33379762894754,-6.7213255084862702,-173.2590308663481,0,0,0,1,0,0,0,0
1.3181399999999999,387.25709958459782,-8.3366042470158739,-171.63191581137519,0,0,0,1,0,0,0,0
1.31816,387.24305538553546,-6.2199099519780674,-169.99802502223224,0,0,0,1,0,0,0,0
1.3181799999999999,387.16905763009305,-7.469359002395767,-168.35742300215941,0,0,0,1,0,0,0,0
1.3182,387.1260946800939,-6.9227312482394661,-166.71017451928566,0,0,0,1,0,0,0,0
1.3182199999999999,387.0725336056629,-6.5799500207901831,-165.05634460419037,0,0,0,1,0,0,0,0
1.3182399999999999,386.99571293517005,-7.7951470943032293,-163.39599854723193,0,0,0,1,0,0,0,0
1.31826,386.96885943179933,-5.666805398028913,-161.7292018960145,0,0,0,1,0,0,0,0
1.3182799999999999,386.8822502761787,-7.2236436043691397,-160.05602045284604,0,0,0,1,0,0,0,0
1.3183,386.83421457867428,-6.404417258289743,-158.37652027203478,0,0,0,1,0,0,0,0
1.3183199999999999,386.76733521035203,-6.3680183976835112,-156.69076765740243,0,0,0,1,0,0,0,0
1.3183399999999998,386.6883513019273,-7.2428576095069941,-154.99882915956059,0,0,0,1,0,0,0,0
1.31836,386.64365393683977,-5.6135003109036647,-153.30077157331328,0,0,0,1,0,0,0,0
1.3183799999999999,386.55260046484034,-7.0209483657482146,-151.5966619351434,0,0,0,1,0,0,0,0
1.3184,386.50078292023835,-5.7957281259163178,-149.88656752028905,0,0,0,1,0,0,0,0
1.3184199999999999,386.41948096407111,-6.1889647354933741,-148.17055584042683,0,0,0,1,0,0,0,0
1.3184399999999998,386.33932865293519,-6.6545139730952769,-146.44869464072872,0,0,0,1,0,0,0,0
1.31846,386.27886875678246,-5.3897178655301348,-144.72105189731093,0,0,0,1,0,0,0,0
1.3184799999999999,386.18097433493301,-6.7716711799957263,-142.987695814582,0,0,0,1,0,0,0,0
1.3185,386.12465175922085,-5.2007767745819411,-141.24869482244071,0,0,0,1,0,0,0,0
1.3185199999999999,386.03170357752998,-5.953601747480719,-139.50411757370014,0,0,0,1,0,0,0,0
1.31854,385.94885393537402,-6.0700505037853505,-137.75403294125121,0,0,0,1,0,0,0,0
1.31856,385.87382910816387,-5.2287361284599809,-135.99851001547034,0,0,0,1,0,0,0,0
1.3185799999999999,385.77138870012374,-6.4517086528014218,-134.23761810138083,0,0,0,1,0,0,0,0
1.3186,385.70904292308381,-4.5312330140841572,-132.47142671596436,0,0,0,1,0,0,0,0
1.3186199999999999,385.60429519897008,-5.7023810531300283,-130.70000558546454,0,0,0,1,0,0,0,0
1.31864,385.51828244080184,-5.4657697599346875,-128.92342464252238,0,0,0,1,0,0,0,0
1.3186599999999999,385.43038256823445,-4.9782432071298608,-127.14175402354371,0,0,0,1,0,0,0,0
1.3186799999999999,385.32196589396045,-6.1662920489054533,-125.35506406581777,0,0,0,1,0,0,0,0
1.3187,385.24951873692913,-4.3420516887523508,-123.56342530478859,0,0,0,1,0,0,0,0
1.3187199999999999,385.13958809859781,-5.4765025641068741,-121.76690847131907,0,0,0,1,0,0,0,0
1.31874,385.05137239072792,-4.8189764505920403,-119.96558448878517,0,0,0,1,0,0,0,0
1.3187599999999999,384.95090470544847,-4.8082868418794789,-118.15952447040593,0,0,0,1,0,0,0,0
1.3187799999999998,384.83822293040254,-5.8927698903431862,-116.34879971632215,0,0,0,1,0,0,0,0
1.3188,384.7573088275156,-4.0961396239467431,-114.53348171083024,0,0,0,1,0,0,0,0
1.3188199999999999,384.64190468694653,-5.1894877389402323,-112.71364211960953,0,0,0,1,0,0,0,0
1.31884,384.54962294925326,-4.2359826745105549,-110.88935278677813,0,0,0,1,0,0,0,0
1.3188599999999999,384.43996426856012,-4.5043962927364571,-109.06068573218822,0,0,0,1,0,0,0,0
1.3188799999999998,384.3252824949592,-5.289101099066035,-107.22771314846744,0,0,0,1,0,0,0,0
1.3189,384.23134429587566,-3.9642293618954061,-105.39050739821819,0,0,0,1,0,0,0,0
1.3189199999999999,384.11268373052923,-4.8842342882997611,-103.54914101121096,0,0,0,1,0,0,0,0
1.31894,384.01637413397157,-3.5034583816472749,-101.70368668138774,0,0,0,1,0,0,0,0
1.3189599999999999,383.89678482829947,-4.2380626918161575,-99.854217264209083,0,0,0,1,0,0,0,0
1.31898,383.78108226219052,-4.5917357832787005,-98.000805773460385,0,0,0,1,0,0,0,0
1.319,383.67495970845056,-3.6694707181204218,-96.143525378737536,0,0,0,1,0,0,0,0
1.3190199999999999,383.55156438645218,-4.5404310086981639,-94.282449402256844,0,0,0,1,0,0,0,0
1.31904,383.44855038555835,-3.1132095626722411,-92.417651316094322,0,0,0,1,0,0,0,0
1.3190599999999999,383.3236876899378,-3.9253033637042956,-90.54920473931908,0,0,0,1,0,0,0,0
1.31908,383.20626931822989,-3.9091724062087105,-88.677183434968882,0,0,0,1,0,0,0,0
1.3190999999999999,383.09024541396582,-3.3845906715675724,-86.801661307273264,0,0,0,1,0,0,0,0
1.3191199999999998,382.96318358742536,-4.1389594344122163,-84.922712398617534,0,0,0,1,0,0,0,0
1.31914,382.85186990088516,-2.9170116850992227,-83.040410886670244,0,0,0,1,0,0,0,0
1.3191599999999999,382.72332334918764,-3.6749560710138605,-81.15483108150616,0,0,0,1,0,0,0,0
1.31918,382.60414079620244,-3.286458925900976,-79.266047422553228,0,0,0,1,0,0,0,0
1.3191999999999999,382.4803854644677,-3.0909929385941162,-77.374134475790356,0,0,0,1,0,0,0,0
1.3192199999999998,382.34970060915941,-3.7892144374343606,-75.479166930684158,0,0,0,1,0,0,0,0
1.31924,382.23240888255299,-2.5773121653146189,-73.581219597291394,0,0,0,1,0,0,0,0
1.3192599999999999,382.10042881915484,-3.2140781724969547,-71.680367403357351,0,0,0,1,0,0,0,0
1.31928,381.97754730992642,-2.5146806651483486,-69.77668539123745,0,0,0,1,0,0,0,0
1.3192999999999999,381.84629557156626,-2.7712087986221765,-67.870248715072364,0,0,0,1,0,0,0,0
1.31932,381.71275087209023,-3.3464510446145725,-65.961132637683221,0,0,0,1,0,0,0,0
1.31934,381.58886215902254,-2.3321450566498942,-64.049412527738383,0,0,0,1,0,0,0,0
1.3193599999999999,381.45401811790538,-2.9083732059264396,-62.135163856657122,0,0,0,1,0,0,0,0
1.31938,381.3282345147735,-1.8958884924261754,-60.218462195681916,0,0,0,1,0,0,0,0
1.3193999999999999,381.19207763509058,-2.4726075403907646,-58.299383212947085,0,0,0,1,0,0,0,0
1.31942,381.05590993176185,-2.9856172436572725,-56.378002670370172,0,0,0,1,0,0,0,0
1.3194399999999999,380.92737993685733,-2.0382127639795731,-54.454396420799824,0,0,0,1,0,0,0,0
1.3194599999999999,380.79026976147838,-2.4875841769329288,-52.528640404899669,0,0,0,1,0,0,0,0
1.31948,380.65919137990448,-1.6677030238354389,-50.600810648202327,0,0,0,1,0,0,0,0
1.3194999999999999,380.52126545324154,-2.0530566896134017,-48.670983258160504,0,0,0,1,0,0,0,0
1.31952,380.38356660809359,-2.3109829807641118,-46.73923442100277,0,0,0,1,0,0,0,0
1.3195399999999999,380.24912702595202,-1.6810390339103349,-44.805640398935431,0,0,0,1,0,0,0,0
1.3195599999999998,380.10980405851564,-2.0645568173559625,-42.870277526922216,0,0,0,1,0,0,0,0
1.31958,379.97452968362126,-1.3705754481082397,-40.93322220970537,0,0,0,1,0,0,0,0
1.3195999999999999,379.83445803039899,-1.7524713840776274,-38.994550918999629,0,0,0,1,0,0,0,0
1.31962,379.69607577477325,-1.6902626629872188,-37.054340190175424,0,0,0,1,0,0,0,0
1.3196399999999999,379.55767626583827,-1.3740861285645496,-35.112666619465259,0,0,0,1,0,0,0,0
1.3196599999999998,379.41680121931176,-1.689421640313552,-33.16960686079949,0,0,0,1,0,0,0,0
1.31968,379.27862328079988,-1.1184221942878529,-31.225237622832729,0,0,0,1,0,0,0,0
1.3196999999999999,379.13750032129064,-1.3048464954387093,-29.279635665968389,0,0,0,1,0,0,0,0
1.31972,378.99778080079716,-0.92133048981421584,-27.332877799205111,0,0,0,1,0,0,0,0
1.3197399999999999,378.85625245874684,-1.0418087574393258,-25.38504087724532,0,0,0,1,0,0,0,0
1.31976,378.71437804574504,-1.2238252154831992,-23.436201797320219,0,0,0,1,0,0,0,0
1.31978,378.57371974656888,-0.77319139278074933,-21.486437496295004,0,0,0,1,0,0,0,0
1.3197999999999999,378.43151743175508,-0.8888787688634584,-19.535824947508111,0,0,0,1,0,0,0,0
1.31982,378.29003191111104,-0.49838118289921185,-17.584441157785331,0,0,0,1,0,0,0,0
1.3198399999999999,378.14745843464624,-0.61056540261841064,-15.632363164452684,0,0,0,1,0,0,0,0
1.31986,378.00480209559788,-0.72080487306082175,-13.679668032171534,0,0,0,1,0,0,0,0
1.3198799999999999,377.86261053968229,-0.38819554041236365,-11.726432850037485,0,0,0,1,0,0,0,0
1.3198999999999999,377.71982515480204,-0.43155524705041093,-9.7727347284133899,0,0,0,1,0,0,0,0
1.31992,377.57719982821669,-0.22111016519990045,-7.8186507959381411,0,0,0,1,0,0,0,0
1.3199399999999999,377.43433181354374,-0.26032699626361011,-5.8642581965348235,0,0,0,1,0,0,0,0
1.31996,377.29149543700316,-0.23445980125780594,-3.909634086241442,0,0,0,1,0,0,0,0
1.3199799999999999,377.14869015857533,-0.080665032813814444,-1.9548556303063851,0,0,0,1,0,0,0,0
1.3199999999999998,377.00586887883463,-0.050376247895230312,-1.8293613865576279e-11,0,0,0,1,0,0,0,0
1.32002,376.86309285181056,1.9547969658370098e-06,1.954855630287484,0,0,0,1,0,0,0,0
1.3200337981392651,376.86309285181056,1.9547969658370098e-06,1.954855630287484,0,0,0,1,0,0,0,0
